DAY_ID,LOC_ID,DEPARTMENT_ID,ACTUAL_SALES
2020-12-03,2768,13,135.5
2020-04-23,2768,13,28.55
2019-08-25,2768,13,75.44
2020-06-19,2768,13,45.94
2019-07-09,2768,13,5.94
2020-07-24,2768,13,62.94
2020-09-28,2768,13,8.9
2019-07-10,2768,13,23.27
2019-12-23,2768,13,6.54
2020-04-18,2768,13,24.98
2020-10-10,2768,13,15.49
2019-04-28,2768,13,13.98
2018-12-21,2768,13,30.8
2019-07-18,2768,13,2.79
2020-11-15,2768,13,34.97
2018-12-22,2768,13,7.25
2019-09-18,2768,13,-6.36
2019-08-15,2768,13,169.2
2019-01-23,2768,13,3.6
2020-07-03,2768,13,3.56
2020-07-03,2768,13,25.48
2019-02-20,2768,13,242.2
2019-01-14,2768,13,70.7
2020-09-16,2768,13,10.1
2020-01-29,2768,13,24.98
2018-12-21,2768,13,125.6
2019-11-06,2768,13,6.4
2020-07-17,2768,13,49.97
2019-04-14,2768,13,116.0
2019-07-28,2768,13,87.8
2019-04-20,2768,13,12.99
2019-11-20,2768,13,13.99
2019-04-17,2768,13,71.2
2019-10-15,2768,13,10.65
2021-01-08,2768,13,1.78
2019-01-06,2768,13,13.99
2018-12-28,2768,13,9.49
2020-07-11,2768,13,37.03
2020-02-07,2768,13,56.12
2020-06-22,2768,13,130.0
2019-11-23,2768,13,5.26
2019-08-12,2768,13,21.98
2019-10-05,2768,13,10.65
2020-09-26,2768,13,35.72
2020-06-08,2768,13,18.27
2020-05-04,2768,13,55.3
2020-01-30,2768,13,16.98
2020-03-23,2768,13,24.98
2020-10-08,2768,13,27.92
2021-01-28,2768,13,76.0
2019-04-13,2768,13,154.6
2020-05-11,2768,13,28.33
2020-05-25,2768,13,8.9
2019-11-22,2768,13,26.69
2021-03-17,2768,13,36.0
2020-10-01,2768,13,140.0
2020-08-18,2768,13,16.98
2020-03-10,2768,13,2.38
2018-10-16,2768,13,6.99
2019-11-21,2768,13,10.71
2020-04-21,2768,13,36.97
2020-07-19,2768,13,37.97
2020-09-01,2768,13,30.88
2020-07-27,2768,13,31.8
2021-03-23,2768,13,3.07
2020-04-03,2768,13,175.8
2018-11-16,2768,13,126.2
2020-06-08,2768,13,115.3
2019-03-03,2768,13,11.75
2021-01-21,2768,13,1.09
2019-01-23,2768,13,78.0
2019-09-08,2768,13,5.94
2019-10-14,2768,13,2.58
2021-02-10,2768,13,14.49
2019-05-24,2768,13,4.77
2019-07-16,2768,13,1.98
2020-06-18,2768,13,32.28
2019-08-04,2768,13,19.16
2020-07-24,2768,13,43.72
2019-12-20,2768,13,350.5
2020-09-22,2768,13,32.62
2020-02-29,2768,13,35.53
2019-12-09,2768,13,25.64
2020-09-17,2768,13,13.99
2019-11-03,2768,13,29.98
2020-01-15,2768,13,42.72
2020-05-25,2768,13,37.0
2020-11-06,2768,13,144.9
2021-03-27,2768,13,67.25
2020-12-06,2768,13,13.49
2018-10-12,2768,13,256.8
2018-10-31,2768,13,40.47
2019-02-04,2768,13,22.98
2020-12-05,2768,13,48.06
2019-10-03,2768,13,21.11
2018-10-18,2768,13,9.33
2019-05-14,2768,13,2.67
2019-02-06,2768,13,31.53
2019-04-27,2768,13,21.98
2018-11-08,2768,13,28.3
2021-03-14,2768,13,19.98
2021-03-06,2768,13,186.0
2018-12-06,2768,13,58.03
2019-10-04,2768,13,140.9
2021-02-06,2768,13,247.1
2020-09-06,2768,13,33.28
2020-01-15,2768,13,61.94
2020-01-24,2768,13,232.5
2020-01-24,2768,13,2.58
2020-11-10,2768,13,58.97
2019-04-22,2768,13,53.97
2019-10-08,2768,13,13.99
2020-08-13,2768,13,2.58
2019-02-14,2768,13,164.6
2020-08-10,2768,13,52.47
2019-10-20,2768,13,1.98
2019-12-07,2768,13,16.98
2019-08-27,2768,13,84.0
2019-03-21,2768,13,2.88
2019-02-14,2768,13,17.6
2021-02-18,2768,13,3.57
2020-07-01,2768,13,16.98
2021-02-12,2768,13,16.02
2020-03-19,2768,13,14.99
2019-12-18,2768,13,54.97
2020-05-05,2768,13,85.75
2019-04-25,2768,13,29.98
2019-11-20,2768,13,22.98
2018-10-30,2768,13,14.49
2020-09-26,2768,13,22.98
2019-04-22,2768,13,42.8
2020-08-31,2768,13,0.89
2021-02-22,2768,13,50.97
2020-10-29,2768,13,210.1
2020-02-05,2768,13,60.44
2019-06-20,2768,13,58.97
2020-08-16,2768,13,15.43
2018-10-28,2768,13,96.25
2019-04-26,2768,13,37.97
2021-03-13,2768,13,7.23
2019-06-01,2768,13,23.98
2020-11-04,2768,13,172.6
2020-05-13,2768,13,80.3
2019-07-02,2768,13,22.98
2020-09-07,2768,13,54.97
2018-11-15,2768,13,4.16
2020-09-08,2768,13,185.1
2019-01-22,2768,13,1.44
2021-03-26,2768,13,64.44
2020-01-13,2768,13,24.98
2019-03-01,2768,13,1.44
2019-10-24,2768,13,121.2
2019-03-31,2768,13,231.8
2019-02-18,2768,13,120.7
2020-08-18,2768,13,16.98
2020-11-07,2768,13,171.1
2021-01-31,2768,13,28.98
2020-09-09,2768,13,166.4
2019-11-10,2768,13,16.98
2018-10-03,2768,13,13.99
2019-04-17,2768,13,10.79
2019-06-25,2768,13,1.88
2020-04-18,2768,13,12.62
2019-05-18,2768,13,15.99
2020-02-18,2768,13,128.1
2021-02-11,2768,13,27.98
2020-01-22,2768,13,6.43
2018-11-07,2768,13,26.27
2019-02-27,2768,13,41.56
2020-05-31,2768,13,116.94
2020-03-28,2768,13,1.09
2020-11-08,2768,13,88.56
2020-09-30,2768,13,183.8
2020-04-01,2768,13,44.56
2020-05-23,2768,13,130.8
2019-11-07,2768,13,14.99
2019-12-04,2768,13,12.37
2019-07-23,2768,13,16.98
2021-03-02,2768,13,26.08
2019-10-25,2768,13,17.86
2019-02-19,2768,13,9.24
2021-02-17,2768,13,34.44
2019-11-03,2768,13,10.8
2021-02-08,2768,13,5.16
2019-03-21,2768,13,51.66
2019-11-18,2768,13,219.4
2019-08-13,2768,13,157.0
2020-10-11,2768,13,27.98
2019-01-25,2768,13,5.43
2019-08-05,2768,13,16.98
2020-09-24,2768,13,55.12
2019-07-27,2768,13,190.9
2021-01-22,2768,13,86.94
2018-11-18,2768,13,-13.19
2020-09-26,2768,13,123.4
2020-10-29,2768,13,20.7
2020-12-28,2768,13,19.56
2021-02-05,2768,13,3.87
2020-12-02,2768,13,117.25
2020-07-20,2768,13,59.97
2019-03-28,2768,13,173.4
2019-01-26,2768,13,30.98
2019-04-09,2768,13,6.79
2019-02-10,2768,13,44.97
2021-02-25,2768,13,13.99
2019-07-09,2768,13,108.5
2020-07-24,2768,13,14.99
2019-11-19,2768,13,30.98
2020-05-24,2768,13,31.44
2019-12-17,2768,13,0.3
2020-09-08,2768,13,37.0
2020-08-21,2768,13,30.94
2020-08-14,2768,13,1.78
2019-01-09,2768,13,42.0
2020-10-24,2768,13,167.2
2020-07-07,2768,13,45.97
2021-02-25,2768,13,1.09
2020-03-02,2768,13,13.99
2019-10-02,2768,13,75.44
2019-04-04,2768,13,2.73
2019-07-23,2768,13,21.98
2020-10-12,2768,13,52.47
2021-03-24,2768,13,27.98
2020-01-03,2768,13,19.98
2019-04-25,2768,13,128.6
2018-10-13,2768,13,13.21
2019-02-24,2768,13,0.99
2020-06-11,2768,13,14.49
2020-07-27,2768,13,14.99
2020-05-14,2768,13,3.56
2018-11-23,2768,13,8.04
2018-10-24,2768,13,257.0
2021-02-19,2768,13,155.2
2020-04-09,2768,13,30.06
2020-07-31,2768,13,36.0
2019-08-07,2768,13,14.99
2021-03-04,2768,13,22.98
2020-01-19,2768,13,5.96
2020-09-15,2768,13,13.99
2020-06-12,2768,13,34.38
2019-06-04,2768,13,22.94
2020-07-28,2768,13,24.98
2021-02-09,2768,13,13.99
2020-05-11,2768,13,11.88
2020-10-05,2768,13,22.98
2021-03-23,2768,13,15.99
2019-01-26,2768,13,20.3
2019-01-27,2768,13,23.48
2019-07-12,2768,13,29.98
2020-09-13,2768,13,13.99
2019-09-29,2768,13,106.1
2019-07-13,2768,13,3.96
2018-10-30,2768,13,164.8
2020-09-18,2768,13,9.51
2019-08-30,2768,13,33.97
2018-10-03,2768,13,97.9
2020-10-13,2768,13,100.1
2021-01-29,2768,13,49.97
2020-05-23,2768,13,45.97
2021-02-14,2768,13,91.56
2020-02-22,2768,13,6.83
2020-08-24,2768,13,37.0
2019-02-11,2768,13,49.47
2021-02-04,2768,13,112.8
2020-06-14,2768,13,80.94
2019-12-20,2768,13,18.56
2019-01-24,2768,13,361.5
2019-12-10,2768,13,115.2
2020-09-01,2768,13,14.88
2019-10-02,2768,13,5.45
2020-11-09,2768,13,26.14
2019-02-15,2768,13,188.5
2020-11-29,2768,13,2.18
2019-04-06,2768,13,20.89
2019-08-23,2768,13,13.99
2019-03-05,2768,13,60.56
2019-11-02,2768,13,16.98
2019-10-02,2768,13,2.58
2020-04-22,2768,13,56.7
2019-07-12,2768,13,259.8
2020-11-02,2768,13,37.16
2020-10-18,2768,13,32.38
2021-02-23,2768,13,3.07
2020-03-30,2768,13,68.7
2018-11-15,2768,13,174.6
2020-09-14,2768,13,13.32
2020-08-08,2768,13,147.6
2019-10-17,2768,13,5.74
2018-12-15,2768,13,26.48
2021-03-25,2768,13,27.98
2019-01-20,2768,13,3.24
2020-06-15,2768,13,24.98
2020-02-17,2768,13,35.53
2020-06-01,2768,13,124.7
2020-11-03,2768,13,7.99
2018-11-12,2768,13,1.34
2020-01-02,2768,13,33.06
2019-01-17,2768,13,183.5
2018-12-15,2768,13,169.8
2020-07-29,2768,13,35.44
2020-11-24,2768,13,36.0
2019-02-09,2768,13,3.18
2019-09-17,2768,13,50.56
2019-04-26,2768,13,71.4
2019-07-18,2768,13,179.2
2019-01-09,2768,13,149.0
2020-11-24,2768,13,7.74
2021-03-17,2768,13,31.98
2019-09-19,2768,13,112.5
2019-08-02,2768,13,22.25
2020-01-08,2768,13,105.1
2019-09-21,2768,13,89.0
2020-01-28,2768,13,49.72
2018-10-08,2768,13,189.8
2019-12-21,2768,13,35.53
2021-01-09,2768,13,336.8
2019-10-25,2768,13,204.8
2019-01-07,2768,13,96.94
2020-09-10,2768,13,18.05
2019-03-23,2768,13,63.88
2020-04-09,2768,13,17.48
2018-10-18,2768,13,16.98
2020-07-04,2768,13,99.4
2020-03-10,2768,13,139.2
2020-07-05,2768,13,3.17
2020-06-25,2768,13,14.99
2020-08-06,2768,13,1.78
2020-12-02,2768,13,13.99
2019-06-11,2768,13,3.66
2018-11-21,2768,13,23.95
2020-10-03,2768,13,50.53
2020-11-29,2768,13,16.98
2018-12-30,2768,13,5.65
2018-12-12,2768,13,13.99
2019-03-02,2768,13,18.06
2020-07-05,2768,13,112.5
2019-12-27,2768,13,39.97
2020-11-07,2768,13,14.49
2020-10-23,2768,13,58.9
2019-02-05,2768,13,54.94
2018-10-25,2768,13,10.2
2020-12-18,2768,13,36.0
2019-04-20,2768,13,29.14
2019-10-04,2768,13,13.99
2019-03-15,2768,13,21.02
2020-08-31,2768,13,16.98
2020-12-31,2768,13,24.98
2019-03-11,2768,13,18.3
2019-09-16,2768,13,58.7
2020-01-26,2768,13,9.22
2019-07-06,2768,13,147.6
2019-06-15,2768,13,274.5
2018-10-31,2768,13,2.55
2019-10-16,2768,13,22.98
2020-10-07,2768,13,10.49
2020-07-08,2768,13,45.53
2019-01-03,2768,13,24.69
2020-10-15,2768,13,6.54
2020-05-30,2768,13,2.58
2018-12-31,2768,13,40.97
2020-10-13,2768,13,14.49
2018-12-20,2768,13,3.96
2020-11-14,2768,13,47.47
2018-10-05,2768,13,20.98
2019-06-29,2768,13,33.62
2019-01-06,2768,13,196.5
2020-06-10,2768,13,27.3
2019-12-14,2768,13,41.1
2020-11-12,2768,13,18.77
2021-03-07,2768,13,8.49
2020-04-10,2768,13,62.0
2019-07-08,2768,13,153.1
2021-02-20,2768,13,259.8
2019-06-05,2768,13,3.87
2020-02-11,2768,13,82.4
2019-01-23,2768,13,3.1
2020-08-28,2768,13,3.24
2019-08-26,2768,13,128.6
2021-01-01,2768,13,10.49
2020-01-20,2768,13,81.0
2018-12-22,2768,13,1.58
2020-01-25,2768,13,13.99
2019-05-18,2768,13,6.84
2020-08-07,2768,13,14.99
2019-09-12,2768,13,253.6
2021-01-10,2768,13,24.58
2020-07-30,2768,13,60.06
2019-10-29,2768,13,218.6
2019-08-03,2768,13,178.2
2019-01-21,2768,13,39.0
2019-08-23,2768,13,84.75
2019-12-16,2768,13,152.8
2020-06-30,2768,13,15.56
2019-10-13,2768,13,203.9
2019-12-11,2768,13,38.34
2020-12-07,2768,13,24.98
2019-12-23,2768,13,191.2
2020-05-25,2768,13,10.49
2019-02-04,2768,13,3.16
2020-03-25,2768,13,14.61
2019-06-07,2768,13,155.0
2020-01-23,2768,13,25.8
2020-01-21,2768,13,4.86
2020-07-04,2768,13,3.74
2019-01-11,2768,13,286.5
2020-06-30,2768,13,248.5
2019-12-30,2768,13,43.7
2019-08-14,2768,13,22.98
2019-04-23,2768,13,45.97
2019-06-08,2768,13,1.98
2019-05-15,2768,13,17.77
2018-10-14,2768,13,191.2
2021-01-09,2768,13,7.74
2019-06-07,2768,13,10.34
2019-05-19,2768,13,90.44
2020-03-15,2768,13,5.29
2020-11-02,2768,13,13.99
2019-01-25,2768,13,121.5
2019-03-22,2768,13,2.88
2020-08-30,2768,13,128.5
2020-11-20,2768,13,25.48
2019-10-21,2768,13,209.5
2020-06-13,2768,13,149.6
2018-12-14,2768,13,199.8
2020-05-27,2768,13,32.97
2019-10-30,2768,13,10.65
2020-02-16,2768,13,11.99
2019-11-04,2768,13,22.98
2019-09-14,2768,13,3.96
2019-02-24,2768,13,25.8
2019-10-20,2768,13,2.18
2021-01-12,2768,13,4.45
2020-05-22,2768,13,10.49
2020-12-10,2768,13,36.0
2019-08-11,2768,13,153.4
2019-12-24,2768,13,132.9
2019-09-27,2768,13,29.23
2020-08-28,2768,13,13.99
2019-07-23,2768,13,187.1
2020-05-16,2768,13,6.33
2019-05-20,2768,13,2.68
2019-03-22,2768,13,215.8
2019-10-20,2768,13,34.53
2019-12-10,2768,13,22.98
2020-05-27,2768,13,58.56
2019-01-10,2768,13,190.9
2020-02-07,2768,13,1.19
2020-11-22,2768,13,13.99
2021-02-23,2768,13,29.98
2019-12-07,2768,13,163.5
2019-11-25,2768,13,34.84
2021-01-07,2768,13,38.56
2019-07-22,2768,13,22.98
2019-01-02,2768,13,31.48
2020-12-22,2768,13,65.7
2018-11-09,2768,13,143.5
2021-02-21,2768,13,50.03
2020-01-30,2768,13,142.2
2018-11-02,2768,13,75.75
2018-11-18,2768,13,179.1
2020-01-22,2768,13,67.0
2021-01-26,2768,13,4.45
2020-01-09,2768,13,70.06
2019-05-13,2768,13,15.99
2019-02-16,2768,13,303.5
2018-10-26,2768,13,97.8
2021-01-22,2768,13,60.97
2019-07-05,2768,13,63.16
2020-10-02,2768,13,13.99
2019-11-27,2768,13,29.98
2020-12-31,2768,13,2.18
2020-06-26,2768,13,60.1
2020-10-02,2768,13,8.9
2020-11-01,2768,13,33.0
2018-11-27,2768,13,39.38
2020-11-01,2768,13,145.6
2020-12-19,2768,13,18.64
2020-02-03,2768,13,32.44
2020-03-15,2768,13,266.2
2019-08-21,2768,13,3.96
2021-01-04,2768,13,16.98
2019-05-08,2768,13,21.98
2020-10-03,2768,13,23.3
2019-02-11,2768,13,157.0
2019-02-01,2768,13,7.75
2020-10-07,2768,13,37.0
2020-11-23,2768,13,96.3
2019-03-24,2768,13,144.0
2020-04-17,2768,13,45.56
2019-04-06,2768,13,211.8
2020-07-16,2768,13,34.47
2019-11-22,2768,13,184.9
2021-03-15,2768,13,44.97
2020-06-20,2768,13,9.54
2019-11-27,2768,13,266.0
2019-01-26,2768,13,23.98
2020-08-28,2768,13,92.5
2020-02-27,2768,13,154.4
2020-10-04,2768,13,23.56
2019-09-10,2768,13,94.25
2018-10-25,2768,13,15.79
2019-11-25,2768,13,59.7
2019-10-26,2768,13,206.9
2018-12-01,2768,13,263.2
2019-02-26,2768,13,50.97
2020-11-22,2768,13,57.97
2019-04-12,2768,13,114.44
2019-01-21,2768,13,13.99
2018-10-16,2768,13,5.16
2018-11-19,2768,13,65.75
2019-02-16,2768,13,19.98
2019-02-15,2768,13,12.99
2020-09-04,2768,13,16.98
2020-03-20,2768,13,112.44
2020-01-26,2768,13,5.16
2020-01-25,2768,13,138.9
2020-06-18,2768,13,126.5
2018-10-04,2768,13,16.98
2020-02-09,2768,13,1.78
2021-01-07,2768,13,3.56
2019-03-09,2768,13,16.98
2019-04-27,2768,13,15.99
2019-01-13,2768,13,33.9
2019-01-22,2768,13,83.3
2018-10-28,2768,13,15.99
2020-05-28,2768,13,98.25
2020-05-15,2768,13,45.97
2019-07-13,2768,13,90.9
2021-01-28,2768,13,31.33
2020-02-25,2768,13,72.7
2020-07-25,2768,13,27.77
2019-05-31,2768,13,7.99
2021-01-13,2768,13,137.0
2020-10-11,2768,13,121.3
2020-11-21,2768,13,14.53
2020-07-25,2768,13,45.97
2019-05-09,2768,13,82.25
2020-07-11,2768,13,67.3
2018-10-08,2768,13,13.99
2019-12-12,2768,13,16.98
2019-02-09,2768,13,223.9
2020-10-24,2768,13,37.97
2019-10-28,2768,13,22.98
2019-07-19,2768,13,8.13
2020-09-04,2768,13,50.94
2020-10-07,2768,13,29.98
2019-10-28,2768,13,13.99
2019-05-01,2768,13,18.97
2019-10-10,2768,13,22.98
2019-09-30,2768,13,4.65
2021-02-21,2768,13,49.97
2021-01-25,2768,13,6.93
2020-09-29,2768,13,14.36
2019-05-22,2768,13,14.99
2019-03-23,2768,13,55.84
2019-04-16,2768,13,5.58
2019-02-13,2768,13,163.4
2019-01-31,2768,13,3.6
2020-12-30,2768,13,56.97
2021-01-24,2768,13,66.1
2018-12-03,2768,13,13.99
2021-03-09,2768,13,24.98
2020-05-06,2768,13,24.3
2021-02-01,2768,13,14.49
2019-11-30,2768,13,0.0
2019-03-17,2768,13,29.98
2018-12-22,2768,13,0.99
2020-01-05,2768,13,13.99
2020-01-19,2768,13,25.64
2021-01-13,2768,13,24.98
2020-01-19,2768,13,73.5
2020-07-20,2768,13,26.28
2020-03-18,2768,13,12.99
2019-04-22,2768,13,41.88
2019-10-26,2768,13,14.99
2020-07-02,2768,13,40.34
2019-03-16,2768,13,16.98
2019-12-18,2768,13,22.98
2019-03-20,2768,13,33.66
2021-03-25,2768,13,7.34
2019-08-08,2768,13,49.12
2019-02-24,2768,13,229.5
2019-06-25,2768,13,67.5
2020-01-18,2768,13,124.94
2020-10-07,2768,13,14.49
2019-08-24,2768,13,102.06
2019-02-13,2768,13,15.84
2018-10-05,2768,13,9.49
2020-03-16,2768,13,13.99
2020-12-05,2768,13,33.0
2020-04-16,2768,13,144.6
2021-01-08,2768,13,26.7
2020-11-01,2768,13,24.98
2019-08-02,2768,13,19.77
2019-06-14,2768,13,116.1
2019-08-11,2768,13,16.98
2021-02-02,2768,13,98.6
2020-03-14,2768,13,320.0
2021-01-19,2768,13,22.27
2020-01-18,2768,13,13.97
2020-12-24,2768,13,176.2
2020-03-18,2768,13,328.0
2020-05-04,2768,13,37.0
2020-07-14,2768,13,25.56
2019-06-10,2768,13,16.98
2019-11-13,2768,13,150.6
2018-10-28,2768,13,1.2
2020-03-11,2768,13,34.97
2019-11-11,2768,13,36.0
2019-06-17,2768,13,23.95
2019-03-05,2768,13,177.8
2019-03-04,2768,13,4.78
2020-06-02,2768,13,14.99
2018-10-21,2768,13,24.48
2019-11-29,2768,13,60.25
2021-01-05,2768,13,18.12
2019-01-07,2768,13,48.06
2019-07-16,2768,13,72.0
2020-04-08,2768,13,25.98
2019-02-02,2768,13,293.0
2021-01-25,2768,13,26.61
2020-07-08,2768,13,140.4
2020-06-03,2768,13,18.58
2020-01-06,2768,13,26.06
2018-12-15,2768,13,54.97
2020-09-01,2768,13,3.03
2020-12-23,2768,13,10.17
2019-01-13,2768,13,205.6
2020-09-14,2768,13,69.94
2019-06-24,2768,13,13.99
2021-01-18,2768,13,50.47
2020-04-02,2768,13,260.0
2019-04-24,2768,13,22.98
2021-03-21,2768,13,19.98
2020-03-19,2768,13,47.7
2020-03-11,2768,13,3.56
2019-12-06,2768,13,99.0
2021-01-25,2768,13,5.43
2020-06-30,2768,13,24.98
2019-09-12,2768,13,0.99
2021-01-16,2768,13,48.44
2019-03-19,2768,13,56.2
2019-06-07,2768,13,1.78
2020-02-16,2768,13,11.99
2019-11-06,2768,13,116.7
2019-11-17,2768,13,15.99
2019-08-06,2768,13,16.72
2018-11-06,2768,13,197.1
2020-05-06,2768,13,186.0
2018-12-08,2768,13,1.37
2021-03-15,2768,13,104.9
2019-11-11,2768,13,81.7
2018-11-16,2768,13,3.3
2018-10-27,2768,13,60.28
2020-12-31,2768,13,13.48
2018-10-16,2768,13,-18.98
2019-09-04,2768,13,2.97
2019-01-28,2768,13,24.88
2019-05-19,2768,13,32.94
2019-02-19,2768,13,22.3
2020-04-25,2768,13,0.0
2021-02-01,2768,13,163.8
2019-06-17,2768,13,20.8
2019-04-19,2768,13,40.88
2018-10-29,2768,13,152.8
2019-04-27,2768,13,47.97
2019-10-21,2768,13,14.99
2020-08-20,2768,13,137.0
2019-03-06,2768,13,21.98
2019-08-15,2768,13,16.95
2019-03-01,2768,13,39.75
2020-12-13,2768,13,13.99
2019-05-13,2768,13,168.0
2019-06-03,2768,13,5.45
2020-08-28,2768,13,24.98
2020-11-23,2768,13,5.0
2018-12-12,2768,13,39.38
2019-10-05,2768,13,16.98
2019-12-28,2768,13,14.19
2019-09-02,2768,13,21.3
2019-11-24,2768,13,3.1
2018-12-18,2768,13,0.99
2020-09-13,2768,13,26.05
2021-01-01,2768,13,16.98
2019-12-29,2768,13,27.8
2020-08-01,2768,13,24.98
2019-10-28,2768,13,2.78
2020-12-04,2768,13,5.25
2020-11-16,2768,13,106.6
2019-06-02,2768,13,279.5
2020-02-08,2768,13,2.58
2018-10-15,2768,13,77.06
2020-12-27,2768,13,91.2
2019-03-03,2768,13,3.9
2020-01-26,2768,13,24.77
2019-04-15,2768,13,27.98
2019-03-13,2768,13,19.98
2020-10-15,2768,13,86.3
2020-11-10,2768,13,49.97
2018-11-23,2768,13,393.0
2020-07-14,2768,13,2.58
2019-07-25,2768,13,52.94
2019-05-12,2768,13,29.98
2021-02-28,2768,13,113.6
2020-06-21,2768,13,25.98
2021-03-08,2768,13,22.98
2018-11-29,2768,13,12.06
2019-10-06,2768,13,18.64
2019-09-24,2768,13,14.88
2019-01-20,2768,13,164.1
2019-02-09,2768,13,20.23
2021-01-05,2768,13,8.32
2020-09-10,2768,13,37.53
2020-07-05,2768,13,43.8
2019-12-02,2768,13,20.44
2020-07-31,2768,13,31.48
2020-10-03,2768,13,4.45
2018-11-02,2768,13,23.98
2020-08-26,2768,13,2.58
2019-10-07,2768,13,61.7
2020-12-11,2768,13,128.6
2019-10-22,2768,13,155.1
2019-11-12,2768,13,173.2
2021-02-01,2768,13,37.0
2019-09-21,2768,13,43.97
2019-03-27,2768,13,198.4
2019-02-01,2768,13,189.2
2020-12-31,2768,13,203.1
2021-02-20,2768,13,34.88
2019-06-28,2768,13,6.79
2019-06-04,2768,13,95.44
2020-03-28,2768,13,74.94
2020-06-23,2768,13,114.7
2020-07-10,2768,13,24.98
2019-06-22,2768,13,20.95
2021-03-27,2768,13,1.78
2019-07-11,2768,13,56.97
2018-11-02,2768,13,182.6
2021-03-07,2768,13,68.0
2021-01-10,2768,13,177.1
2019-09-30,2768,13,139.9
2020-09-11,2768,13,1.78
2020-10-10,2768,13,14.49
2018-11-26,2768,13,69.8
2020-06-12,2768,13,30.94
2020-07-23,2768,13,96.3
2019-02-21,2768,13,15.99
2019-01-18,2768,13,55.56
2018-10-18,2768,13,86.0
2020-01-31,2768,13,211.5
2019-06-05,2768,13,2.97
2020-12-18,2768,13,28.39
2018-11-11,2768,13,38.97
2020-12-13,2768,13,136.5
2020-02-07,2768,13,22.98
2019-10-08,2768,13,10.68
2021-02-08,2768,13,242.5
2020-09-02,2768,13,1.29
2020-10-28,2768,13,22.98
2018-12-20,2768,13,185.1
2020-12-14,2768,13,215.9
2020-10-28,2768,13,31.98
2020-06-27,2768,13,38.0
2019-09-13,2768,13,183.2
2020-01-17,2768,13,3.87
2021-03-20,2768,13,105.75
2019-10-07,2768,13,1.88
2019-06-10,2768,13,205.1
2019-07-27,2768,13,63.62
2019-12-11,2768,13,56.3
2020-06-03,2768,13,32.6
2020-03-31,2768,13,29.98
2020-07-22,2768,13,149.2
2019-07-01,2768,13,72.1
2019-02-17,2768,13,23.19
2019-12-13,2768,13,27.98
2019-04-22,2768,13,1.98
2019-06-25,2768,13,14.88
2018-10-26,2768,13,24.48
2019-06-30,2768,13,21.98
2019-05-17,2768,13,161.8
2021-01-23,2768,13,38.97
2019-04-11,2768,13,57.97
2019-10-31,2768,13,8.02
2019-06-13,2768,13,217.2
2019-10-20,2768,13,15.99
2020-04-14,2768,13,25.98
2019-12-15,2768,13,29.98
2019-08-24,2768,13,29.98
2021-01-30,2768,13,72.06
2019-09-15,2768,13,0.98
2018-12-27,2768,13,134.2
2019-08-02,2768,13,300.5
2019-11-03,2768,13,196.1
2020-03-18,2768,13,49.75
2021-01-19,2768,13,13.99
2019-07-29,2768,13,204.1
2019-04-17,2768,13,164.2
2020-02-17,2768,13,37.3
2020-12-01,2768,13,105.44
2020-12-06,2768,13,79.3
2020-12-08,2768,13,70.3
2019-07-09,2768,13,11.88
2018-10-05,2768,13,256.2
2020-09-23,2768,13,19.17
2018-10-21,2768,13,7.2
2020-03-06,2768,13,19.38
2019-07-27,2768,13,0.0
2019-06-16,2768,13,64.9
2019-09-07,2768,13,38.34
2018-11-08,2768,13,21.6
2019-09-23,2768,13,1.78
2019-04-01,2768,13,229.2
2020-10-27,2768,13,191.8
2019-04-08,2768,13,5.16
2019-02-03,2768,13,17.28
2020-07-13,2768,13,91.06
2021-03-10,2768,13,30.98
2020-02-22,2768,13,95.44
2020-08-23,2768,13,212.2
2020-02-19,2768,13,37.97
2020-06-18,2768,13,28.27
2018-12-31,2768,13,4.16
2020-08-01,2768,13,23.7
2019-09-26,2768,13,225.2
2020-11-03,2768,13,89.4
2019-12-01,2768,13,78.4
2021-03-21,2768,13,315.8
2021-01-31,2768,13,5.34
2021-03-02,2768,13,157.6
2020-10-04,2768,13,13.99
2019-05-05,2768,13,77.25
2019-09-02,2768,13,42.53
2021-01-19,2768,13,29.77
2019-07-03,2768,13,186.4
2020-10-14,2768,13,58.88
2021-01-04,2768,13,78.3
2020-12-12,2768,13,50.47
2020-03-03,2768,13,37.75
2020-09-12,2768,13,22.98
2020-03-24,2768,13,184.5
2020-03-24,2768,13,32.94
2020-10-14,2768,13,54.47
2019-05-21,2768,13,86.1
2019-01-22,2768,13,13.38
2020-06-28,2768,13,27.98
2020-03-03,2768,13,115.5
2020-01-17,2768,13,16.98
2019-07-22,2768,13,39.28
2020-12-12,2768,13,16.08
2020-12-16,2768,13,65.3
2020-02-09,2768,13,13.99
2019-04-30,2768,13,1.78
2020-04-04,2768,13,108.3
2019-10-16,2768,13,86.56
2019-10-10,2768,13,129.8
2020-09-09,2768,13,37.0
2019-11-10,2768,13,148.8
2019-10-27,2768,13,53.94
2019-08-23,2768,13,27.27
2020-06-11,2768,13,10.65
2021-01-24,2768,13,14.49
2019-04-16,2768,13,14.99
2019-01-04,2768,13,79.3
2019-04-07,2768,13,11.2
2020-09-09,2768,13,16.9
2019-01-27,2768,13,130.6
2019-11-07,2768,13,55.97
2019-03-20,2768,13,160.8
2018-12-13,2768,13,21.98
2018-11-29,2768,13,34.72
2021-03-11,2768,13,236.6
2021-03-10,2768,13,50.28
2020-07-22,2768,13,28.66
2021-01-31,2768,13,8.01
2019-06-01,2768,13,3.96
2019-11-16,2768,13,229.6
2020-05-05,2768,13,13.99
2019-09-11,2768,13,23.89
2019-03-09,2768,13,14.99
2019-05-07,2768,13,38.0
2019-10-11,2768,13,10.65
2021-01-11,2768,13,182.1
2018-12-12,2768,13,6.99
2020-07-15,2768,13,29.98
2020-06-29,2768,13,196.8
2020-06-09,2768,13,109.1
2020-01-10,2768,13,44.97
2021-02-15,2768,13,24.98
2019-06-18,2768,13,142.6
2020-01-30,2768,13,34.0
2018-12-21,2768,13,85.5
2019-12-15,2768,13,187.2
2019-05-10,2768,13,213.6
2020-04-15,2768,13,10.68
2019-06-10,2768,13,15.99
2019-08-31,2768,13,4.95
2021-02-26,2768,13,19.98
2020-05-22,2768,13,8.49
2019-01-08,2768,13,26.48
2020-01-14,2768,13,116.0
2020-03-05,2768,13,6.99
2020-10-02,2768,13,15.99
2019-09-11,2768,13,144.1
2019-12-23,2768,13,18.98
2019-05-18,2768,13,185.4
2021-01-31,2768,13,154.0
2020-11-22,2768,13,1.79
2020-08-10,2768,13,22.98
2020-03-22,2768,13,26.86
2019-06-30,2768,13,146.0
2019-04-13,2768,13,76.56
2018-10-09,2768,13,197.4
2020-05-21,2768,13,22.98
2020-06-24,2768,13,22.98
2019-01-08,2768,13,21.98
2020-01-03,2768,13,225.2
2020-09-03,2768,13,37.97
2019-09-10,2768,13,14.99
2019-06-06,2768,13,12.63
2021-03-25,2768,13,65.25
2019-11-26,2768,13,22.98
2019-07-10,2768,13,83.7
2020-05-17,2768,13,182.0
2020-02-24,2768,13,172.1
2019-04-28,2768,13,19.69
2019-05-16,2768,13,24.56
2020-12-09,2768,13,88.7
2020-09-12,2768,13,44.1
2019-10-26,2768,13,2.67
2019-03-07,2768,13,208.4
2020-11-17,2768,13,58.53
2019-04-10,2768,13,3.96
2020-01-02,2768,13,14.99
2019-05-01,2768,13,2.78
2019-12-11,2768,13,21.44
2019-06-20,2768,13,53.88
2020-06-04,2768,13,70.75
2020-07-28,2768,13,212.9
2019-08-19,2768,13,134.0
2020-10-21,2768,13,2.18
2020-03-26,2768,13,1.19
2019-09-17,2768,13,-4.4
2020-02-15,2768,13,0.89
2019-05-13,2768,13,4.47
2020-10-26,2768,13,124.1
2019-06-30,2768,13,14.99
2019-02-01,2768,13,53.4
2020-12-24,2768,13,88.8
2019-11-19,2768,13,4.16
2018-10-30,2768,13,81.1
2020-02-13,2768,13,47.97
2018-10-06,2768,13,16.98
2020-06-15,2768,13,152.5
2019-09-15,2768,13,104.3
2018-11-18,2768,13,1.26
2020-07-22,2768,13,1.89
2019-01-01,2768,13,34.66
2020-05-15,2768,13,23.4
2020-10-21,2768,13,8.49
2020-06-17,2768,13,6.12
2021-01-01,2768,13,159.2
2021-02-28,2768,13,2.97
2019-08-20,2768,13,16.98
2019-04-17,2768,13,3.96
2019-12-05,2768,13,37.9
2020-04-29,2768,13,180.8
2020-10-08,2768,13,161.9
2019-06-26,2768,13,16.98
2020-11-15,2768,13,8.49
2020-09-08,2768,13,18.05
2020-11-27,2768,13,127.56
2019-11-05,2768,13,111.44
2020-11-06,2768,13,3.56
2021-01-14,2768,13,107.75
2020-12-11,2768,13,0.0
2019-10-02,2768,13,38.0
2019-05-04,2768,13,30.88
2019-03-31,2768,13,16.98
2020-11-30,2768,13,18.66
2020-09-09,2768,13,9.79
2020-03-16,2768,13,401.5
2020-09-05,2768,13,13.99
2019-11-23,2768,13,151.9
2019-01-23,2768,13,112.0
2020-12-23,2768,13,221.5
2018-12-08,2768,13,48.84
2020-05-06,2768,13,21.05
2019-11-09,2768,13,13.99
2019-07-10,2768,13,3.96
2019-04-18,2768,13,24.22
2019-08-16,2768,13,137.2
2020-08-14,2768,13,24.36
2020-06-06,2768,13,22.78
2020-05-12,2768,13,145.9
2018-12-09,2768,13,179.8
2020-03-22,2768,13,12.99
2019-04-02,2768,13,225.4
2019-06-15,2768,13,39.97
2019-03-08,2768,13,141.6
2018-12-27,2768,13,18.19
2019-01-05,2768,13,13.99
2018-12-16,2768,13,130.8
2019-10-05,2768,13,276.2
2019-04-16,2768,13,1.44
2019-06-24,2768,13,128.1
2021-02-03,2768,13,114.75
2019-05-10,2768,13,26.25
2019-05-22,2768,13,55.88
2020-09-30,2768,13,20.98
2019-03-23,2768,13,14.99
2018-12-29,2768,13,2.4
2020-01-27,2768,13,65.56
2019-02-08,2768,13,16.98
2020-12-18,2768,13,99.0
2020-04-04,2768,13,16.98
2020-07-06,2768,13,111.44
2020-08-19,2768,13,1.98
2019-10-12,2768,13,164.8
2020-11-18,2768,13,24.48
2018-11-23,2768,13,36.44
2020-05-17,2768,13,10.0
2020-07-15,2768,13,107.7
2020-12-02,2768,13,15.99
2019-03-23,2768,13,125.8
2019-08-16,2768,13,30.98
2020-02-09,2768,13,280.8
2019-06-29,2768,13,67.25
2019-02-18,2768,13,15.49
2018-11-23,2768,13,1.76
2020-06-27,2768,13,53.44
2021-02-18,2768,13,36.7
2019-01-30,2768,13,59.25
2020-12-27,2768,13,8.49
2019-12-09,2768,13,110.4
2019-02-09,2768,13,4.75
2019-03-01,2768,13,14.99
2021-03-04,2768,13,36.97
2021-01-09,2768,13,13.19
2019-06-27,2768,13,60.97
2018-12-26,2768,13,25.48
2019-10-18,2768,13,14.99
2019-11-29,2768,13,227.6
2020-11-30,2768,13,45.1
2020-10-25,2768,13,15.48
2020-05-03,2768,13,2.58
2019-04-23,2768,13,186.0
2020-12-20,2768,13,28.48
2021-03-06,2768,13,11.19
2020-09-18,2768,13,115.75
2019-04-29,2768,13,41.47
2020-09-06,2768,13,15.99
2019-04-28,2768,13,271.2
2021-03-10,2768,13,71.25
2020-04-20,2768,13,77.56
2021-03-01,2768,13,13.99
2020-10-12,2768,13,159.0
2019-06-04,2768,13,7.85
2021-01-31,2768,13,49.97
2019-08-18,2768,13,115.3
2019-11-25,2768,13,134.1
2021-02-23,2768,13,22.98
2020-02-14,2768,13,7.98
2020-07-16,2768,13,16.98
2019-08-14,2768,13,84.56
2020-10-24,2768,13,13.49
2019-11-08,2768,13,178.4
2018-12-04,2768,13,219.0
2020-06-12,2768,13,148.9
2020-04-01,2768,13,62.97
2018-12-02,2768,13,134.6
2020-06-08,2768,13,14.49
2019-08-24,2768,13,17.58
2018-10-31,2768,13,230.2
2019-08-28,2768,13,26.44
2020-06-04,2768,13,4.77
2019-02-03,2768,13,13.99
2018-11-16,2768,13,40.75
2019-05-09,2768,13,6.53
2019-01-31,2768,13,87.06
2020-03-31,2768,13,178.9
2020-09-13,2768,13,15.99
2018-10-16,2768,13,13.99
2018-12-03,2768,13,31.52
2020-06-26,2768,13,15.49
2020-11-13,2768,13,108.8
2019-10-21,2768,13,13.99
2020-12-28,2768,13,204.6
2021-01-06,2768,13,91.06
2019-06-01,2768,13,20.55
2020-05-24,2768,13,32.3
2020-08-19,2768,13,14.99
2020-11-11,2768,13,213.9
2020-06-03,2768,13,203.1
2020-03-18,2768,13,16.98
2019-05-14,2768,13,79.0
2020-03-19,2768,13,12.99
2019-09-27,2768,13,13.99
2020-12-29,2768,13,15.99
2020-10-08,2768,13,16.77
2019-05-24,2768,13,89.9
2019-10-04,2768,13,1.29
2018-11-10,2768,13,12.14
2019-04-05,2768,13,38.97
2019-04-15,2768,13,145.9
2018-12-27,2768,13,0.54
2020-05-19,2768,13,128.6
2020-11-08,2768,13,190.8
2018-12-31,2768,13,212.1
2020-05-02,2768,13,14.99
2019-12-03,2768,13,14.99
2019-09-03,2768,13,3.87
2019-10-15,2768,13,156.1
2020-07-16,2768,13,13.32
2018-10-30,2768,13,10.86
2019-07-21,2768,13,2.77
2020-08-20,2768,13,24.4
2021-01-07,2768,13,181.2
2019-03-02,2768,13,31.3
2020-05-10,2768,13,65.25
2019-04-27,2768,13,298.5
2019-09-16,2768,13,2.58
2020-11-27,2768,13,18.0
2019-07-11,2768,13,138.2
2019-06-23,2768,13,101.5
2021-03-04,2768,13,13.99
2019-09-16,2768,13,14.99
2019-03-27,2768,13,3.6
2019-03-26,2768,13,21.98
2020-09-27,2768,13,23.25
2019-02-19,2768,13,128.8
2020-04-07,2768,13,59.0
2019-03-26,2768,13,16.56
2020-10-03,2768,13,143.2
2020-08-25,2768,13,160.1
2020-04-24,2768,13,80.6
2019-11-10,2768,13,39.97
2021-01-18,2768,13,13.99
2019-07-11,2768,13,21.88
2019-07-12,2768,13,31.72
2018-12-23,2768,13,1.34
2019-05-31,2768,13,150.8
2020-01-07,2768,13,14.99
2019-04-16,2768,13,268.2
2019-04-05,2768,13,187.4
2019-08-05,2768,13,205.9
2019-02-05,2768,13,13.71
2019-01-12,2768,13,46.34
2018-11-26,2768,13,89.6
2018-11-21,2768,13,39.28
2018-10-22,2768,13,-5.08
2018-12-16,2768,13,3.6
2019-12-29,2768,13,188.1
2019-02-03,2768,13,260.8
2020-02-16,2768,13,231.5
2019-07-19,2768,13,222.0
2019-09-06,2768,13,197.2
2020-08-11,2768,13,1.29
2021-01-21,2768,13,11.88
2018-10-09,2768,13,17.7
2020-05-14,2768,13,3.96
2019-03-14,2768,13,219.1
2019-05-16,2768,13,19.98
2021-01-02,2768,13,227.2
2020-10-20,2768,13,97.0
2020-06-22,2768,13,27.06
2019-03-30,2768,13,91.75
2019-01-30,2768,13,23.94
2020-08-14,2768,13,13.99
2019-04-24,2768,13,5.56
2020-02-12,2768,13,210.0
2020-09-11,2768,13,118.6
2019-01-20,2768,13,26.48
2019-05-19,2768,13,16.98
2019-11-16,2768,13,1.09
2020-03-23,2768,13,22.98
2020-05-01,2768,13,90.7
2019-09-03,2768,13,122.44
2019-04-26,2768,13,22.98
2020-03-08,2768,13,126.8
2019-10-13,2768,13,14.78
2020-07-14,2768,13,73.4
2019-01-12,2768,13,13.99
2019-11-14,2768,13,249.0
2021-02-08,2768,13,24.98
2019-04-27,2768,13,14.99
2019-12-07,2768,13,22.98
2020-03-10,2768,13,37.47
2019-06-30,2768,13,21.98
2020-01-08,2768,13,13.99
2019-03-30,2768,13,25.11
2020-03-20,2768,13,37.0
2020-08-04,2768,13,71.4
2020-09-14,2768,13,10.65
2018-12-23,2768,13,204.1
2020-10-20,2768,13,-14.9
2020-10-09,2768,13,4.75
2019-05-14,2768,13,1.78
2020-02-15,2768,13,196.9
2019-01-17,2768,13,34.72
2019-02-08,2768,13,3.39
2020-11-22,2768,13,13.99
2019-12-24,2768,13,39.84
2019-02-04,2768,13,279.8
2020-01-09,2768,13,45.25
2020-10-16,2768,13,143.9
2020-03-17,2768,13,19.8
2018-12-11,2768,13,13.67
2019-06-12,2768,13,124.6
2018-10-06,2768,13,29.53
2021-02-11,2768,13,53.97
2018-11-08,2768,13,184.8
2019-03-26,2768,13,242.5
2019-07-16,2768,13,2.78
2018-11-13,2768,13,21.12
2019-04-12,2768,13,32.53
2019-12-01,2768,13,15.99
2020-06-17,2768,13,80.0
2019-06-14,2768,13,4.65
2019-01-14,2768,13,3.99
2019-07-19,2768,13,2.58
2018-11-08,2768,13,35.97
2020-09-12,2768,13,118.1
2020-04-05,2768,13,64.56
2019-10-26,2768,13,30.98
2021-02-18,2768,13,126.7
2018-11-04,2768,13,238.6
2019-03-03,2768,13,121.7
2019-12-28,2768,13,13.99
2021-01-06,2768,13,25.98
2020-01-11,2768,13,107.9
2020-06-29,2768,13,37.0
2021-02-04,2768,13,59.97
2020-02-14,2768,13,61.97
2019-04-25,2768,13,91.94
2020-10-12,2768,13,14.0
2019-10-06,2768,13,69.6
2019-01-27,2768,13,42.47
2019-06-17,2768,13,2.78
2019-07-30,2768,13,9.48
2018-10-21,2768,13,8.04
2019-01-26,2768,13,42.0
2018-11-01,2768,13,38.97
2019-12-09,2768,13,34.0
2021-02-13,2768,13,53.06
2019-10-30,2768,13,19.98
2021-03-21,2768,13,43.72
2019-01-19,2768,13,241.0
2019-06-18,2768,13,34.12
2018-11-17,2768,13,198.1
2019-04-11,2768,13,140.9
2019-10-06,2768,13,22.98
2020-07-01,2768,13,63.3
2019-01-06,2768,13,2.19
2019-03-07,2768,13,1.98
2020-12-02,2768,13,50.6
2019-06-16,2768,13,3.87
2019-07-25,2768,13,7.63
2019-10-08,2768,13,1.29
2020-09-19,2768,13,1.02
2020-12-16,2768,13,87.5
2020-01-12,2768,13,37.97
2021-03-19,2768,13,150.5
2018-10-02,2768,13,157.8
2018-12-13,2768,13,148.1
2018-11-29,2768,13,223.5
2018-10-08,2768,13,16.34
2019-03-13,2768,13,23.38
2021-01-12,2768,13,108.25
2019-11-22,2768,13,22.48
2020-06-09,2768,13,25.0
2020-08-19,2768,13,63.38
2020-09-29,2768,13,92.0
2019-12-12,2768,13,130.1
2019-04-04,2768,13,30.98
2019-08-01,2768,13,3.27
2021-02-14,2768,13,29.98
2021-03-08,2768,13,63.97
2020-09-15,2768,13,146.9
2019-03-25,2768,13,10.68
2020-05-14,2768,13,52.3
2021-01-29,2768,13,83.3
2019-07-02,2768,13,48.25
2020-05-29,2768,13,23.48
2019-12-24,2768,13,3.8
2020-08-27,2768,13,168.5
2021-02-16,2768,13,62.88
2019-12-01,2768,13,3.87
2019-12-16,2768,13,6.6
2019-09-23,2768,13,141.1
2018-12-03,2768,13,36.0
2019-05-03,2768,13,6.94
2019-02-17,2768,13,21.06
2019-04-14,2768,13,42.88
2020-06-13,2768,13,22.98
2020-07-21,2768,13,65.06
2020-08-29,2768,13,86.8
2020-10-31,2768,13,132.9
2019-04-07,2768,13,148.4
2019-04-07,2768,13,27.5
2019-04-04,2768,13,87.7
2020-11-07,2768,13,14.49
2020-01-30,2768,13,74.94
2018-10-10,2768,13,13.99
2019-07-12,2768,13,56.97
2019-06-29,2768,13,14.99
2021-01-20,2768,13,103.9
2020-11-25,2768,13,120.06
2018-10-24,2768,13,14.49
2019-12-21,2768,13,37.0
2021-01-20,2768,13,-17.44
2020-06-06,2768,13,289.0
2021-01-30,2768,13,44.97
2020-07-07,2768,13,135.5
2020-02-06,2768,13,187.8
2019-11-15,2768,13,1.78
2019-06-12,2768,13,13.99
2021-02-03,2768,13,1.29
2020-03-14,2768,13,43.16
2020-12-07,2768,13,25.81
2018-12-16,2768,13,29.98
2019-03-19,2768,13,102.9
2019-12-26,2768,13,26.48
2019-02-18,2768,13,18.0
2019-01-10,2768,13,48.44
2019-08-06,2768,13,195.1
2020-01-17,2768,13,163.4
2019-09-27,2768,13,24.98
2021-02-25,2768,13,119.1
2019-03-29,2768,13,208.1
2019-04-09,2768,13,3.25
2020-08-17,2768,13,69.2
2021-01-11,2768,13,3.56
2020-10-26,2768,13,22.98
2018-10-01,2768,13,123.56
2021-03-14,2768,13,192.0
2020-10-10,2768,13,145.4
2020-10-19,2768,13,198.1
2020-08-06,2768,13,58.5
2020-03-05,2768,13,44.97
2021-03-22,2768,13,15.0
2020-11-21,2768,13,4.56
2018-12-07,2768,13,27.6
2020-02-26,2768,13,104.75
2019-12-19,2768,13,16.08
2020-05-19,2768,13,40.56
2020-07-04,2768,13,16.98
2020-07-26,2768,13,118.56
2019-03-04,2768,13,213.2
2019-12-07,2768,13,19.33
2019-02-27,2768,13,5.04
2020-07-07,2768,13,3.87
2019-02-25,2768,13,113.4
2018-11-03,2768,13,28.23
2020-03-12,2768,13,209.0
2019-03-12,2768,13,35.94
2018-11-21,2768,13,0.67
2019-12-03,2768,13,5.85
2019-04-16,2768,13,3.99
2021-01-29,2768,13,29.98
2019-09-21,2768,13,4.9
2018-12-28,2768,13,29.98
2019-07-22,2768,13,141.1
2020-07-29,2768,13,24.77
2020-07-15,2768,13,25.98
2020-04-18,2768,13,22.98
2020-05-03,2768,13,40.47
2019-02-28,2768,13,205.4
2021-03-20,2768,13,11.99
2020-08-19,2768,13,45.62
2019-08-30,2768,13,303.2
2020-11-09,2768,13,92.2
2020-08-02,2768,13,22.94
2019-10-09,2768,13,29.98
2021-03-18,2768,13,22.17
2020-03-07,2768,13,41.47
2020-08-30,2768,13,13.49
2018-12-07,2768,13,23.98
2020-07-31,2768,13,133.8
2021-02-19,2768,13,7.99
2021-02-05,2768,13,120.3
2021-01-23,2768,13,27.98
2020-06-22,2768,13,42.97
2020-04-23,2768,13,49.72
2020-02-26,2768,13,13.99
2019-03-19,2768,13,84.75
2020-02-02,2768,13,36.97
2020-05-17,2768,13,28.98
2019-10-27,2768,13,-6.93
2018-11-14,2768,13,144.5
2020-03-28,2768,13,34.44
2020-06-19,2768,13,52.47
2019-05-29,2768,13,2.68
2020-06-16,2768,13,71.25
2020-12-21,2768,13,14.49
2021-01-02,2768,13,37.0
2020-12-24,2768,13,33.62
2018-12-07,2768,13,250.4
2020-08-26,2768,13,70.4
2020-04-29,2768,13,40.75
2018-11-23,2768,13,35.97
2020-05-25,2768,13,85.5
2020-06-25,2768,13,77.9
2020-10-05,2768,13,51.97
2018-11-24,2768,13,7.2
2020-02-15,2768,13,4.85
2019-12-19,2768,13,127.4
2021-02-24,2768,13,151.6
2019-11-16,2768,13,8.16
2019-03-13,2768,13,14.38
2020-08-10,2768,13,82.56
2020-03-21,2768,13,379.2
2020-06-22,2768,13,24.98
2020-11-15,2768,13,90.1
2021-02-17,2768,13,14.49
2020-07-10,2768,13,22.98
2021-02-03,2768,13,15.99
2020-07-14,2768,13,12.2
2020-05-26,2768,13,110.44
2020-09-28,2768,13,170.1
2020-03-20,2768,13,336.5
2019-02-07,2768,13,4.8
2019-07-18,2768,13,14.99
2021-03-01,2768,13,28.48
2018-10-02,2768,13,9.38
2018-11-10,2768,13,1.65
2020-11-11,2768,13,13.99
2019-10-11,2768,13,289.2
2019-03-18,2768,13,211.5
2020-12-27,2768,13,20.98
2020-09-26,2768,13,70.8
2018-12-18,2768,13,241.8
2021-01-30,2768,13,22.98
2020-02-23,2768,13,33.97
2020-10-11,2768,13,5.45
2018-10-05,2768,13,16.98
2020-03-22,2768,13,151.8
2020-09-04,2768,13,65.1
2019-11-14,2768,13,37.0
2019-02-12,2768,13,44.97
2020-05-15,2768,13,39.28
2020-09-20,2768,13,10.49
2019-05-03,2768,13,27.81
2020-03-17,2768,13,444.5
2020-01-31,2768,13,3.1
2020-03-21,2768,13,52.97
2020-04-28,2768,13,16.92
2019-11-24,2768,13,173.0
2018-10-11,2768,13,117.94
2020-04-29,2768,13,14.99
2020-03-29,2768,13,91.0
2020-06-09,2768,13,68.94
2019-06-18,2768,13,16.66
2019-02-16,2768,13,9.99
2019-09-07,2768,13,183.0
2018-10-06,2768,13,193.8
2020-11-23,2768,13,2.58
2019-12-27,2768,13,49.97
2020-09-11,2768,13,22.47
2019-12-22,2768,13,49.2
2018-10-23,2768,13,219.6
2020-01-01,2768,13,25.03
2020-03-19,2768,13,239.8
2021-03-23,2768,13,165.1
2020-08-08,2768,13,53.12
2020-09-22,2768,13,91.9
2021-03-16,2768,13,81.06
2018-10-02,2768,13,21.58
2019-09-24,2768,13,115.1
2020-07-29,2768,13,29.98
2019-12-03,2768,13,203.0
2018-11-13,2768,13,50.97
2020-09-23,2768,13,46.2
2019-12-21,2768,13,208.4
2020-11-24,2768,13,115.3
2019-05-02,2768,13,139.2
2020-04-21,2768,13,66.94
2019-02-28,2768,13,1.3
2019-12-06,2768,13,31.45
2019-04-17,2768,13,35.78
2020-05-24,2768,13,52.44
2020-12-26,2768,13,130.9
2019-09-08,2768,13,73.06
2020-09-02,2768,13,53.28
2021-02-27,2768,13,2.93
2019-03-17,2768,13,43.97
2020-03-27,2768,13,39.97
2018-11-01,2768,13,33.97
2019-11-01,2768,13,151.1
2019-02-25,2768,13,6.14
2020-12-29,2768,13,132.5
2019-09-22,2768,13,-24.98
2019-03-27,2768,13,2.67
2019-07-14,2768,13,24.84
2021-03-26,2768,13,8.49
2020-07-06,2768,13,22.98
2018-11-14,2768,13,29.84
2020-05-16,2768,13,1.89
2020-11-07,2768,13,36.47
2020-01-09,2768,13,83.2
2020-10-03,2768,13,37.7
2018-10-18,2768,13,24.48
2021-02-12,2768,13,77.44
2020-07-11,2768,13,188.8
2020-05-01,2768,13,53.53
2018-12-21,2768,13,13.99
2019-01-29,2768,13,39.97
2021-02-21,2768,13,240.9
2020-03-11,2768,13,92.9
2019-02-06,2768,13,8.99
2019-05-11,2768,13,21.23
2019-09-02,2768,13,28.42
2018-11-05,2768,13,6.99
2019-03-04,2768,13,3.9
2018-11-27,2768,13,9.05
2018-10-07,2768,13,19.12
2019-10-19,2768,13,5.45
2019-06-19,2768,13,0.99
2020-04-12,2768,13,28.58
2020-10-19,2768,13,22.98
2020-11-19,2768,13,46.75
2020-07-08,2768,13,43.97
2020-06-25,2768,13,17.48
2019-08-10,2768,13,24.03
2019-09-06,2768,13,6.36
2019-10-14,2768,13,222.1
2021-02-25,2768,13,27.98
2018-11-28,2768,13,27.83
2019-09-25,2768,13,130.1
2021-01-25,2768,13,137.9
2020-02-18,2768,13,18.08
2019-12-06,2768,13,26.98
2019-01-13,2768,13,15.99
2019-02-08,2768,13,22.98
2019-07-06,2768,13,30.98
2020-03-20,2768,13,0.89
2020-12-21,2768,13,53.12
2021-03-18,2768,13,82.56
2020-08-22,2768,13,96.94
2019-12-18,2768,13,121.5
2020-01-06,2768,13,96.8
2018-11-05,2768,13,10.72
2019-01-02,2768,13,204.9
2019-04-05,2768,13,23.3
2019-01-16,2768,13,55.8
2018-10-12,2768,13,63.97
2020-02-13,2768,13,4.55
2020-10-17,2768,13,56.47
2020-04-22,2768,13,16.97
2020-07-26,2768,13,60.4
2020-06-14,2768,13,135.0
2018-11-14,2768,13,50.56
2019-10-04,2768,13,49.97
2020-02-04,2768,13,38.97
2019-10-22,2768,13,7.74
2020-10-22,2768,13,199.8
2020-09-18,2768,13,13.99
2020-12-28,2768,13,26.48
2020-02-24,2768,13,12.49
2020-05-01,2768,13,14.99
2020-07-06,2768,13,37.0
2020-08-21,2768,13,217.8
2020-12-20,2768,13,174.6
2019-03-06,2768,13,213.5
2020-07-15,2768,13,14.99
2020-12-30,2768,13,421.0
2021-01-03,2768,13,143.2
2020-10-20,2768,13,26.9
2021-03-13,2768,13,54.75
2018-11-17,2768,13,16.98
2020-12-06,2768,13,24.98
2020-08-11,2768,13,110.9
2019-07-14,2768,13,111.4
2019-07-15,2768,13,19.66
2019-06-09,2768,13,38.88
2019-12-08,2768,13,14.99
2019-04-09,2768,13,14.99
2019-12-13,2768,13,132.5
2020-07-25,2768,13,33.97
2021-02-14,2768,13,163.0
2020-09-27,2768,13,165.4
2018-12-22,2768,13,57.75
2020-08-02,2768,13,41.94
2018-12-29,2768,13,32.16
2020-03-13,2768,13,446.2
2020-05-18,2768,13,26.58
2020-03-22,2768,13,20.98
2020-11-18,2768,13,114.3
2020-06-14,2768,13,9.6
2020-04-26,2768,13,28.16
2018-10-08,2768,13,15.3
2020-08-24,2768,13,194.1
2020-07-03,2768,13,143.2
2020-10-28,2768,13,75.25
2019-10-20,2768,13,140.5
2019-07-09,2768,13,22.98
2018-12-28,2768,13,227.0
2020-10-23,2768,13,6.05
2020-04-15,2768,13,88.56
2020-07-28,2768,13,13.99
2020-02-28,2768,13,189.9
2018-12-31,2768,13,22.03
2019-04-10,2768,13,238.5
2020-07-30,2768,13,14.19
2020-03-05,2768,13,69.6
2020-12-30,2768,13,34.47
2018-12-03,2768,13,156.1
2018-10-09,2768,13,3.4
2021-03-10,2768,13,22.98
2019-08-18,2768,13,52.2
2019-05-28,2768,13,177.4
2021-02-22,2768,13,16.56
2021-01-16,2768,13,69.75
2019-05-31,2768,13,19.98
2019-08-22,2768,13,39.6
2019-01-19,2768,13,26.48
2020-07-20,2768,13,53.47
2021-01-24,2768,13,17.98
2019-07-17,2768,13,6.99
2020-03-21,2768,13,14.99
2019-08-20,2768,13,121.75
2019-11-30,2768,13,143.8
2018-12-26,2768,13,262.2
2020-01-01,2768,13,35.62
2019-09-13,2768,13,13.99
2020-12-23,2768,13,3.86
2020-07-10,2768,13,18.38
2019-05-29,2768,13,21.98
2019-01-29,2768,13,209.0
2019-06-14,2768,13,19.98
2019-11-01,2768,13,22.98
2019-11-04,2768,13,32.66
2020-02-21,2768,13,85.6
2020-05-08,2768,13,156.2
2020-05-30,2768,13,56.0
2020-09-20,2768,13,24.98
2020-03-09,2768,13,78.5
2020-10-02,2768,13,115.75
2020-04-29,2768,13,4.07
2019-10-23,2768,13,15.73
2021-02-15,2768,13,59.1
2019-11-14,2768,13,54.6
2020-01-16,2768,13,14.99
2019-11-23,2768,13,14.99
2019-05-20,2768,13,130.2
2021-01-21,2768,13,56.56
2018-10-25,2768,13,196.8
2021-02-08,2768,13,28.8
2020-04-13,2768,13,5.74
2020-06-24,2768,13,210.9
2021-01-08,2768,13,161.9
2018-10-09,2768,13,15.99
2019-07-26,2768,13,13.99
2018-11-28,2768,13,226.8
2018-10-26,2768,13,70.0
2018-10-16,2768,13,64.6
2021-02-16,2768,13,9.78
2019-02-06,2768,13,182.4
2020-09-01,2768,13,14.37
2019-02-10,2768,13,37.94
2020-09-15,2768,13,13.99
2019-07-30,2768,13,6.34
2018-10-04,2768,13,151.4
2020-04-23,2768,13,4.95
2019-07-07,2768,13,145.0
2019-09-15,2768,13,6.55
2021-03-05,2768,13,22.98
2018-12-05,2768,13,35.97
2021-01-22,2768,13,151.0
2020-03-13,2768,13,27.38
2018-10-22,2768,13,2.68
2021-03-15,2768,13,22.98
2018-11-15,2768,13,23.42
2020-06-07,2768,13,46.8
2019-06-22,2768,13,22.95
2021-03-13,2768,13,65.56
2019-01-25,2768,13,31.53
2021-01-09,2768,13,4.77
2019-10-31,2768,13,173.6
2019-05-06,2768,13,12.99
2020-01-12,2768,13,74.4
2020-01-29,2768,13,24.98
2020-03-08,2768,13,14.94
2019-02-14,2768,13,12.99
2019-07-10,2768,13,23.84
2019-09-09,2768,13,143.2
2019-08-27,2768,13,6.73
2019-05-06,2768,13,106.44
2020-08-09,2768,13,52.84
2020-12-14,2768,13,4.45
2021-01-01,2768,13,17.55
2019-12-02,2768,13,87.75
2019-07-26,2768,13,0.99
2019-10-31,2768,13,16.98
2020-05-31,2768,13,17.88
2021-03-09,2768,13,31.86
2019-11-20,2768,13,37.0
2019-01-03,2768,13,0.0
2020-08-11,2768,13,122.0
2020-01-21,2768,13,37.0
2018-10-14,2768,13,29.16
2019-03-15,2768,13,281.5
2019-02-02,2768,13,26.89
2019-10-01,2768,13,29.98
2019-04-04,2768,13,27.67
2018-10-13,2768,13,2.4
2019-06-16,2768,13,14.99
2020-05-17,2768,13,8.9
2019-02-23,2768,13,273.5
2019-09-12,2768,13,1.98
2020-12-10,2768,13,241.6
2019-04-19,2768,13,209.4
2019-07-20,2768,13,42.8
2020-10-17,2768,13,30.14
2019-01-06,2768,13,21.98
2018-12-20,2768,13,47.44
2019-03-19,2768,13,24.98
2018-12-17,2768,13,300.0
2020-09-16,2768,13,121.6
2019-10-19,2768,13,196.1
2018-12-04,2768,13,47.66
2019-07-03,2768,13,-11.23
2019-03-12,2768,13,26.3
2020-11-19,2768,13,45.97
2018-10-10,2768,13,9.39
2018-11-05,2768,13,126.25
2020-04-26,2768,13,71.25
2021-03-04,2768,13,82.1
2019-06-21,2768,13,41.78
2020-12-17,2768,13,55.2
2019-02-11,2768,13,16.98
2019-10-08,2768,13,127.7
2019-07-07,2768,13,24.98
2020-01-09,2768,13,22.98
2019-08-31,2768,13,273.0
2020-01-18,2768,13,3.1
2020-09-18,2768,13,21.03
2019-08-11,2768,13,17.2
2019-07-19,2768,13,44.8
2019-04-10,2768,13,3.96
2021-01-18,2768,13,122.4
2019-04-08,2768,13,90.5
2019-09-04,2768,13,76.9
2019-07-29,2768,13,16.98
2018-10-22,2768,13,85.2
2019-04-20,2768,13,229.4
2020-01-13,2768,13,132.4
2019-08-05,2768,13,8.43
2019-03-18,2768,13,16.98
2020-12-10,2768,13,27.98
2019-03-17,2768,13,163.6
2020-05-22,2768,13,50.25
2021-03-20,2768,13,69.8
2019-05-05,2768,13,20.98
2021-02-04,2768,13,-22.98
2019-12-31,2768,13,71.06
2020-09-21,2768,13,23.44
2019-09-06,2768,13,46.8
2019-06-03,2768,13,157.6
2019-01-05,2768,13,288.2
2020-08-02,2768,13,43.97
2019-04-11,2768,13,48.8
2019-10-23,2768,13,97.1
2020-08-17,2768,13,8.9
2020-05-22,2768,13,6.54
2020-04-16,2768,13,43.0
2018-11-18,2768,13,23.98
2020-10-12,2768,13,15.99
2018-10-06,2768,13,14.49
2019-11-09,2768,13,232.2
2019-04-03,2768,13,18.83
2020-06-03,2768,13,4.45
2020-08-29,2768,13,58.94
2019-02-06,2768,13,63.97
2019-12-11,2768,13,71.2
2019-07-25,2768,13,121.06
2020-09-24,2768,13,194.8
2019-01-15,2768,13,50.62
2020-06-26,2768,13,97.75
2020-10-18,2768,13,129.9
2018-11-11,2768,13,3.3
2020-01-04,2768,13,189.2
2021-02-05,2768,13,2.97
2019-03-14,2768,13,14.99
2019-11-21,2768,13,30.98
2018-12-10,2768,13,244.4
2018-12-09,2768,13,1.98
2019-07-08,2768,13,19.06
2019-07-04,2768,13,37.0
2021-01-30,2768,13,21.98
2021-01-02,2768,13,8.9
2020-02-03,2768,13,37.78
2019-04-20,2768,13,2.51
2019-01-01,2768,13,154.4
2019-08-14,2768,13,36.97
2020-08-31,2768,13,137.9
2019-05-30,2768,13,3.56
2019-04-08,2768,13,0.51
2021-01-11,2768,13,17.88
2020-05-27,2768,13,233.5
2019-02-05,2768,13,63.28
2019-10-28,2768,13,105.44
2021-02-22,2768,13,130.2
2020-02-20,2768,13,229.6
2020-10-05,2768,13,47.44
2019-07-31,2768,13,190.8
2021-03-03,2768,13,37.88
2021-03-21,2768,13,16.98
2018-11-25,2768,13,12.33
2019-03-23,2768,13,14.99
2019-05-31,2768,13,16.98
2020-10-05,2768,13,103.8
2018-11-25,2768,13,162.8
2020-01-20,2768,13,119.4
2020-09-21,2768,13,40.38
2019-06-26,2768,13,20.44
2020-06-23,2768,13,14.99
2019-12-13,2768,13,19.8
2020-05-20,2768,13,51.84
2020-12-30,2768,13,8.9
2019-07-27,2768,13,11.88
2019-03-10,2768,13,21.98
2019-10-27,2768,13,23.52
2020-07-08,2768,13,25.56
2019-11-30,2768,13,29.94
2019-12-30,2768,13,124.3
2019-11-21,2768,13,50.2
2018-12-02,2768,13,21.1
2019-05-15,2768,13,5.56
2020-12-08,2768,13,11.99
2020-11-08,2768,13,27.98
2018-12-17,2768,13,29.66
2018-12-01,2768,13,26.48
2018-11-12,2768,13,148.0
2020-07-09,2768,13,20.55
2020-08-04,2768,13,44.44
2020-12-19,2768,13,224.5
2020-04-13,2768,13,119.44
2018-12-24,2768,13,129.6
2019-04-18,2768,13,178.9
2018-12-05,2768,13,99.44
2020-04-08,2768,13,133.0
2021-03-06,2768,13,7.95
2021-02-27,2768,13,46.1
2019-03-21,2768,13,154.2
2021-01-15,2768,13,13.99
2020-06-28,2768,13,30.23
2019-07-26,2768,13,92.7
2019-09-04,2768,13,3.66
2019-01-18,2768,13,166.1
2019-05-27,2768,13,88.25
2018-12-30,2768,13,13.99
2019-02-22,2768,13,127.4
2019-12-28,2768,13,185.4
2019-03-15,2768,13,25.69
2019-06-06,2768,13,116.25
2019-11-11,2768,13,43.3
2019-03-30,2768,13,305.5
2020-03-25,2768,13,27.98
2020-07-01,2768,13,18.17
2020-12-01,2768,13,53.78
2020-02-21,2768,13,0.89
2019-12-02,2768,13,5.45
2019-06-20,2768,13,47.94
2020-08-18,2768,13,142.9
2019-12-22,2768,13,18.28
2019-06-22,2768,13,14.99
2019-12-17,2768,13,179.9
2020-09-02,2768,13,13.99
2019-05-12,2768,13,87.8
2020-03-10,2768,13,3.87
2019-02-08,2768,13,211.8
2018-10-21,2768,13,153.9
2020-02-01,2768,13,44.7
2019-05-01,2768,13,225.9
2019-01-16,2768,13,158.1
2020-02-13,2768,13,109.5
2020-05-26,2768,13,16.27
2020-09-13,2768,13,195.8
2020-08-22,2768,13,74.44
2020-04-19,2768,13,25.81
2019-04-13,2768,13,12.99
2019-10-01,2768,13,145.6
2019-08-29,2768,13,3.52
2020-12-29,2768,13,24.98
2020-07-27,2768,13,28.88
2020-02-28,2768,13,4.45
2019-03-12,2768,13,48.97
2019-08-30,2768,13,9.99
2020-05-29,2768,13,161.6
2020-03-02,2768,13,298.2
2018-12-12,2768,13,14.4
2020-05-12,2768,13,1.88
2019-11-18,2768,13,14.99
2021-01-13,2768,13,29.34
2020-01-16,2768,13,130.1
2020-10-25,2768,13,158.1
2020-01-18,2768,13,4.36
2019-06-05,2768,13,108.1
2019-05-23,2768,13,85.75
2020-12-16,2768,13,2.58
2020-04-01,2768,13,1.78
2018-12-29,2768,13,143.0
2019-11-29,2768,13,19.98
2019-10-26,2768,13,19.98
2021-01-03,2768,13,22.98
2019-03-10,2768,13,34.0
2018-11-30,2768,13,16.98
2020-11-02,2768,13,57.06
2020-04-20,2768,13,29.98
2018-11-07,2768,13,104.0
2020-06-02,2768,13,13.97
2019-06-04,2768,13,18.55
2019-05-08,2768,13,4.77
2020-03-21,2768,13,5.74
2020-11-27,2768,13,34.47
2020-09-03,2768,13,29.94
2021-01-10,2768,13,10.32
2020-12-14,2768,13,23.05
2020-10-15,2768,13,3.56
2018-11-29,2768,13,19.64
2020-09-20,2768,13,127.0
2019-10-29,2768,13,48.56
2020-04-19,2768,13,4.96
2019-08-12,2768,13,78.5
2020-08-15,2768,13,153.9
2019-05-07,2768,13,163.4
2020-07-16,2768,13,117.8
2018-12-19,2768,13,27.48
2018-11-03,2768,13,37.9
2018-10-11,2768,13,30.48
2020-11-06,2768,13,68.1
2020-02-26,2768,13,29.98
2020-12-13,2768,13,13.99
2019-07-20,2768,13,46.72
2018-12-26,2768,13,16.98
2019-09-22,2768,13,125.7
2021-03-16,2768,13,29.98
2019-09-14,2768,13,152.9
2019-02-25,2768,13,16.69
2019-11-20,2768,13,85.6
2019-03-04,2768,13,16.94
2019-10-12,2768,13,7.4
2020-06-13,2768,13,36.0
2019-05-16,2768,13,116.06
2019-07-15,2768,13,36.97
2018-10-20,2768,13,13.99
2021-03-22,2768,13,36.97
2019-05-04,2768,13,73.7
2020-08-27,2768,13,7.83
2020-08-05,2768,13,127.4
2019-11-02,2768,13,19.45
2019-10-05,2768,13,11.39
2018-11-09,2768,13,24.48
2020-06-07,2768,13,38.0
2020-05-30,2768,13,112.7
2019-12-08,2768,13,15.49
2020-07-25,2768,13,159.9
2020-09-19,2768,13,51.84
2021-01-06,2768,13,33.34
2019-02-01,2768,13,3.9
2019-08-29,2768,13,396.0
2019-04-21,2768,13,55.66
2019-10-01,2768,13,8.72
2020-01-24,2768,13,37.0
2019-03-16,2768,13,-0.2
2018-11-24,2768,13,190.0
2019-06-27,2768,13,45.47
2021-03-06,2768,13,44.97
2019-08-10,2768,13,275.8
2019-12-21,2768,13,16.98
2019-03-10,2768,13,1.95
2019-08-01,2768,13,88.2
2018-12-05,2768,13,56.72
2020-08-24,2768,13,14.49
2020-12-04,2768,13,36.47
2020-06-11,2768,13,116.7
2020-12-29,2768,13,19.98
2020-08-03,2768,13,94.0
2021-02-07,2768,13,24.98
2019-05-17,2768,13,33.97
2020-08-13,2768,13,15.29
2019-05-03,2768,13,339.2
2020-12-01,2768,13,7.32
2020-03-29,2768,13,36.0
2020-02-11,2768,13,6.36
2020-11-12,2768,13,90.9
2018-10-04,2768,13,1.2
2020-02-29,2768,13,53.6
2019-02-12,2768,13,248.5
2019-03-22,2768,13,14.99
2019-11-29,2768,13,48.97
2020-09-21,2768,13,67.2
2020-01-24,2768,13,22.98
2019-05-11,2768,13,226.0
2019-03-11,2768,13,154.2
2020-08-15,2768,13,89.5
2020-10-14,2768,13,46.12
2021-03-05,2768,13,1.29
2018-11-04,2768,13,35.8
2019-01-08,2768,13,193.2
2018-10-15,2768,13,35.34
2019-09-18,2768,13,2.58
2019-09-10,2768,13,4.65
2020-03-27,2768,13,8.0
2019-01-21,2768,13,155.6
2018-11-14,2768,13,75.5
2020-06-05,2768,13,150.4
2021-03-03,2768,13,14.49
2020-12-26,2768,13,57.72
2019-10-09,2768,13,66.9
2020-03-06,2768,13,16.98
2019-02-07,2768,13,50.72
2018-10-07,2768,13,19.03
2021-01-06,2768,13,31.89
2019-12-17,2768,13,44.97
2021-03-12,2768,13,14.49
2020-11-15,2768,13,14.49
2019-07-28,2768,13,67.0
2019-11-25,2768,13,17.56
2020-02-08,2768,13,116.5
2018-12-23,2768,13,76.3
2019-07-21,2768,13,190.2
2020-07-28,2768,13,67.5
2020-11-13,2768,13,24.98
2018-10-29,2768,13,14.49
2020-10-06,2768,13,93.94
2019-09-23,2768,13,15.49
2020-03-05,2768,13,116.3
2021-02-20,2768,13,24.98
2019-08-18,2768,13,6.54
2020-04-28,2768,13,76.0
2018-11-30,2768,13,33.88
2019-12-05,2768,13,76.56
2019-07-30,2768,13,73.06
2020-01-07,2768,13,83.25
2020-08-01,2768,13,303.8
2019-02-26,2768,13,114.7
2019-02-28,2768,13,9.4
2020-04-23,2768,13,16.98
2018-10-11,2768,13,14.49
2019-01-19,2768,13,15.99
2020-10-14,2768,13,29.25
2018-12-27,2768,13,2.68
2020-11-17,2768,13,39.47
2020-08-05,2768,13,1.78
2021-01-13,2768,13,34.03
2018-10-02,2768,13,6.99
2019-07-05,2768,13,14.99
2020-12-15,2768,13,21.6
2019-02-01,2768,13,27.53
2020-11-20,2768,13,147.9
2019-10-17,2768,13,128.2
2020-12-03,2768,13,24.98
2020-11-28,2768,13,211.0
2019-01-06,2768,13,22.19
2019-08-22,2768,13,62.38
2020-02-10,2768,13,175.5
2020-12-07,2768,13,101.56
2020-09-29,2768,13,2.58
2019-08-21,2768,13,112.5
2019-02-22,2768,13,9.99
2021-01-15,2768,13,14.49
2020-12-27,2768,13,122.8
2020-05-23,2768,13,33.97
2021-02-06,2768,13,42.84
2020-11-05,2768,13,107.6
2021-02-24,2768,13,16.98
2019-08-14,2768,13,38.0
2018-11-20,2768,13,169.0
2019-01-03,2768,13,1.48
2020-05-02,2768,13,173.9
2019-01-24,2768,13,0.49
2019-08-17,2768,13,144.1
2020-10-30,2768,13,22.98
2018-11-06,2768,13,31.48
2019-05-08,2768,13,52.1
2020-09-05,2768,13,40.97
2021-01-17,2768,13,219.9
2019-01-22,2768,13,2.68
2019-10-22,2768,13,29.98
2021-03-11,2768,13,22.16
2019-06-03,2768,13,23.98
2020-03-24,2768,13,24.98
2020-08-21,2768,13,13.99
2020-03-17,2768,13,102.6
2019-03-22,2768,13,20.45
2019-10-24,2768,13,18.34
2020-08-10,2768,13,107.4
2020-06-12,2768,13,3.87
2019-04-30,2768,13,107.4
2019-01-05,2768,13,38.4
2018-11-01,2768,13,109.56
2018-12-04,2768,13,0.0
2019-05-15,2768,13,50.94
2019-05-10,2768,13,13.09
2020-02-04,2768,13,113.25
2020-08-24,2768,13,14.99
2019-05-31,2768,13,5.34
2020-02-27,2768,13,13.98
2020-06-14,2768,13,24.02
2018-10-07,2768,13,291.0
2019-07-24,2768,13,135.9
2020-12-15,2768,13,82.4
2019-09-07,2768,13,14.99
2021-02-12,2768,13,15.98
2020-12-13,2768,13,36.0
2019-10-30,2768,13,63.78
2020-04-17,2768,13,2.38
2019-01-26,2768,13,302.8
2020-02-05,2768,13,4.37
2019-04-09,2768,13,93.1
2018-12-23,2768,13,3.96
2019-06-06,2768,13,22.98
2018-11-19,2768,13,40.38
2019-12-30,2768,13,5.54
2021-01-10,2768,13,13.99
2019-04-07,2768,13,67.25
2020-11-21,2768,13,34.34
2019-05-26,2768,13,262.5
2020-08-12,2768,13,-0.32
2020-11-25,2768,13,13.99
2020-07-17,2768,13,20.33
2020-07-19,2768,13,70.4
2020-11-19,2768,13,24.98
2019-08-28,2768,13,245.4
2021-03-19,2768,13,34.34
2020-05-09,2768,13,22.83
2018-10-14,2768,13,25.05
2020-08-16,2768,13,111.6
2021-01-28,2768,13,24.55
2019-03-08,2768,13,1.98
2019-10-09,2768,13,30.98
2019-02-07,2768,13,3.96
2019-02-07,2768,13,1.44
2021-01-12,2768,13,13.99
2019-01-28,2768,13,186.1
2021-02-13,2768,13,16.36
2018-10-27,2768,13,123.25
2018-11-13,2768,13,147.9
2019-07-19,2768,13,27.95
2019-06-23,2768,13,45.53
2021-02-20,2768,13,29.47
2020-07-13,2768,13,24.98
2019-08-09,2768,13,24.42
2019-12-12,2768,13,19.98
2020-08-22,2768,13,17.02
2019-08-26,2768,13,10.5
2019-12-04,2768,13,229.0
2019-08-13,2768,13,6.34
2019-01-01,2768,13,3.95
2019-12-18,2768,13,9.85
2020-08-13,2768,13,14.99
2021-02-19,2768,13,39.47
2020-02-19,2768,13,88.06
2019-08-09,2768,13,181.9
2019-02-15,2768,13,25.77
2019-10-03,2768,13,84.7
2020-06-20,2768,13,24.3
2021-02-11,2768,13,11.7
2020-01-29,2768,13,15.99
2019-10-27,2768,13,35.25
2020-05-16,2768,13,102.06
2019-07-01,2768,13,16.98
2020-05-30,2768,13,33.56
2019-09-04,2768,13,14.99
2020-12-04,2768,13,24.94
2019-04-03,2768,13,1.3
2019-04-25,2768,13,22.98
2020-10-17,2768,13,121.06
2019-08-26,2768,13,27.94
2021-01-23,2768,13,11.99
2018-12-19,2768,13,116.44
2020-06-05,2768,13,24.98
2020-01-02,2768,13,53.62
2020-06-27,2768,13,37.0
2020-11-29,2768,13,43.7
2020-07-10,2768,13,219.1
2020-03-31,2768,13,22.98
2020-09-25,2768,13,39.3
2019-01-11,2768,13,5.94
2020-12-12,2768,13,9.08
2020-02-22,2768,13,2.67
2020-10-30,2768,13,212.2
2020-11-06,2768,13,25.56
2019-06-28,2768,13,182.4
2020-12-09,2768,13,22.98
2020-08-15,2768,13,74.4
2020-04-11,2768,13,170.5
2020-01-05,2768,13,14.99
2020-09-28,2768,13,15.84
2021-03-08,2768,13,158.0
2019-03-02,2768,13,268.5
2020-08-13,2768,13,94.9
2020-03-06,2768,13,204.1
2020-04-20,2768,13,71.06
2018-11-28,2768,13,68.5
2019-09-21,2768,13,24.98
2020-08-14,2768,13,179.1
2020-06-17,2768,13,17.66
2018-10-23,2768,13,38.47
2019-04-24,2768,13,195.9
2019-03-31,2768,13,47.97
2018-12-14,2768,13,8.01
2018-11-17,2768,13,81.94
2019-04-29,2768,13,114.06
2019-10-18,2768,13,140.5
2018-12-22,2768,13,402.8
2019-10-17,2768,13,1.09
2019-06-21,2768,13,69.5
2019-01-14,2768,13,98.0
2018-12-12,2768,13,110.5
2019-06-26,2768,13,14.99
2019-06-01,2768,13,239.4
2021-01-27,2768,13,105.6
2020-01-05,2768,13,36.22
2020-01-10,2768,13,284.5
2020-01-09,2768,13,2.97
2020-10-24,2768,13,1.78
2019-06-07,2768,13,-3.3
2019-09-05,2768,13,79.0
2019-05-17,2768,13,16.69
2020-01-02,2768,13,20.44
2018-10-19,2768,13,102.25
2020-08-01,2768,13,78.0
2019-09-19,2768,13,14.99
2020-05-05,2768,13,27.48
2020-09-03,2768,13,90.2
2019-10-05,2768,13,3.76
2020-07-02,2768,13,163.9
2020-03-04,2768,13,14.87
2021-03-12,2768,13,123.4
2020-09-11,2768,13,113.5
2019-04-30,2768,13,22.98
2019-07-13,2768,13,21.98
2018-11-19,2768,13,239.6
2019-05-29,2768,13,6.99
2019-12-28,2768,13,3.18
2020-04-30,2768,13,84.5
2020-02-05,2768,13,14.99
2018-11-03,2768,13,247.4
2021-03-05,2768,13,52.66
2020-02-14,2768,13,68.44
2019-04-01,2768,13,37.0
2019-08-28,2768,13,10.65
2020-07-12,2768,13,34.72
2018-10-28,2768,13,15.73
2020-08-22,2768,13,3.56
2019-01-11,2768,13,16.98
2020-09-03,2768,13,16.62
2020-06-21,2768,13,55.6
2021-03-09,2768,13,104.56
2019-10-11,2768,13,5.16
2020-04-14,2768,13,142.1
2019-02-10,2768,13,67.1
2019-09-06,2768,13,29.98
2020-01-23,2768,13,49.97
2020-10-07,2768,13,146.5
2020-07-09,2768,13,112.0
2020-03-27,2768,13,109.7
2019-05-30,2768,13,151.0
2020-10-29,2768,13,22.98
2020-12-18,2768,13,24.98
2020-01-19,2768,13,139.5
2020-06-04,2768,13,16.98
2018-10-15,2768,13,31.58
2019-06-03,2768,13,34.0
2020-02-01,2768,13,247.2
2019-08-08,2768,13,11.49
2020-12-13,2768,13,9.6
2021-02-10,2768,13,117.0
2020-06-28,2768,13,45.97
2019-03-25,2768,13,12.99
2020-07-23,2768,13,9.36
2020-10-21,2768,13,118.94
2020-10-25,2768,13,2.97
2019-07-13,2768,13,6.45
2020-07-18,2768,13,173.8
2021-03-17,2768,13,121.1
2020-07-12,2768,13,43.72
2019-06-22,2768,13,239.1
2019-02-14,2768,13,6.9
2021-01-05,2768,13,336.5
2020-07-02,2768,13,27.64
2019-12-26,2768,13,169.8
2019-02-26,2768,13,39.6
2020-10-31,2768,13,0.0
2019-09-22,2768,13,13.99
2020-08-08,2768,13,25.98
2019-06-28,2768,13,37.0
2020-12-26,2768,13,28.56
2019-02-02,2768,13,35.66
2018-10-12,2768,13,26.98
2019-11-17,2768,13,163.6
2020-08-03,2768,13,14.99
2018-10-01,2768,13,15.87
2018-12-06,2768,13,44.22
2018-10-05,2768,13,58.97
2018-12-01,2768,13,2.37
2019-01-15,2768,13,21.86
2021-01-20,2768,13,16.38
2018-11-11,2768,13,37.12
2020-06-19,2768,13,249.9
2018-12-01,2768,13,18.86
2019-11-02,2768,13,226.1
2021-03-01,2768,13,153.5
2018-10-26,2768,13,244.0
2020-12-04,2768,13,64.75
2019-01-15,2768,13,105.2
2020-05-04,2768,13,34.25
2020-06-16,2768,13,19.27
2020-03-12,2768,13,16.17
2019-12-27,2768,13,2.04
2020-12-12,2768,13,168.0
2021-02-28,2768,13,11.19
2019-09-29,2768,13,14.99
2019-01-03,2768,13,295.0
2020-09-18,2768,13,34.44
2019-05-25,2768,13,139.8
2021-01-19,2768,13,63.1
2019-01-02,2768,13,15.49
2020-06-01,2768,13,4.85
2019-03-28,2768,13,16.98
2019-09-08,2768,13,2.96
2018-10-07,2768,13,14.6
2019-11-15,2768,13,80.25
2020-12-09,2768,13,45.47
2019-06-06,2768,13,22.98
2019-02-15,2768,13,36.38
2019-01-17,2768,13,4.32
2019-12-14,2768,13,18.28
2020-03-30,2768,13,12.9
2019-06-09,2768,13,180.8
2019-04-10,2768,13,57.47
2018-12-05,2768,13,27.52
2020-10-26,2768,13,13.99
2018-12-11,2768,13,72.25
2019-01-03,2768,13,98.2
2021-01-01,2768,13,22.98
2019-05-27,2768,13,5.34
2020-07-05,2768,13,5.94
2021-02-18,2768,13,23.98
2019-06-11,2768,13,152.9
2019-05-20,2768,13,14.99
2019-03-28,2768,13,5.56
2020-10-09,2768,13,62.28
2019-03-05,2768,13,30.19
2020-10-16,2768,13,2.18
2019-12-27,2768,13,82.75
2020-05-20,2768,13,91.8
2019-05-12,2768,13,13.99
2019-08-22,2768,13,1.34
2019-11-07,2768,13,104.6
2020-11-20,2768,13,51.0
2020-11-28,2768,13,23.92
2019-01-08,2768,13,40.5
2019-07-09,2768,13,13.99
2020-09-25,2768,13,132.9
2019-11-13,2768,13,10.92
2019-06-08,2768,13,11.49
2020-08-16,2768,13,14.99
2019-03-17,2768,13,56.97
2020-10-11,2768,13,21.67
2019-05-03,2768,13,26.48
2019-02-22,2768,13,14.99
2020-05-07,2768,13,53.47
2019-08-30,2768,13,21.98
2019-08-27,2768,13,22.98
2019-12-19,2768,13,4.59
2020-08-30,2768,13,24.98
2020-11-14,2768,13,86.2
2020-07-18,2768,13,52.97
2020-02-01,2768,13,23.98
2020-08-16,2768,13,1.59
2020-11-21,2768,13,6.99
2020-11-02,2768,13,49.72
2019-01-31,2768,13,71.1
2019-10-12,2768,13,1.98
2020-10-25,2768,13,20.64
2018-11-10,2768,13,116.06
2019-04-22,2768,13,22.98
2019-04-12,2768,13,31.06
2020-05-28,2768,13,28.98
2019-02-05,2768,13,5.82
2020-09-19,2768,13,149.0
2021-03-25,2768,13,16.95
2020-02-05,2768,13,35.62
2020-09-07,2768,13,193.4
2020-01-21,2768,13,42.97
2020-01-30,2768,13,8.25
2020-11-27,2768,13,16.98
2020-06-07,2768,13,195.4
2019-09-01,2768,13,52.66
2020-04-06,2768,13,20.98
2020-01-25,2768,13,31.34
2019-04-01,2768,13,3.93
2020-08-07,2768,13,134.6
2019-06-17,2768,13,59.47
2020-06-23,2768,13,72.1
2018-12-18,2768,13,35.66
2020-12-11,2768,13,15.99
2019-07-04,2768,13,233.1
2019-03-08,2768,13,36.97
2019-11-24,2768,13,15.99
2020-05-26,2768,13,29.98
2020-01-11,2768,13,11.99
2020-12-15,2768,13,3.36
2021-02-17,2768,13,265.2
2020-02-23,2768,13,39.38
2021-02-23,2768,13,107.9
2018-10-06,2768,13,59.97
2019-01-19,2768,13,34.56
2021-01-27,2768,13,36.9
2019-09-20,2768,13,142.0
2019-03-02,2768,13,19.98
2020-01-03,2768,13,53.97
2021-01-12,2768,13,1.98
2019-01-29,2768,13,15.43
2019-09-28,2768,13,151.2
2019-12-03,2768,13,16.98
2019-09-14,2768,13,4.95
2019-12-24,2768,13,38.0
2020-09-27,2768,13,19.98
2020-03-23,2768,13,16.98
2021-02-07,2768,13,47.34
2020-05-13,2768,13,2.78
2019-02-03,2768,13,1.44
2019-03-13,2768,13,116.75
2020-01-31,2768,13,1.59
2020-06-24,2768,13,35.75
2021-03-14,2768,13,22.98
2020-10-15,2768,13,36.0
2020-05-07,2768,13,3.56
2019-06-19,2768,13,186.9
2019-09-16,2768,13,175.6
2020-12-26,2768,13,13.99
2019-11-19,2768,13,98.0
2020-05-07,2768,13,27.98
2019-12-01,2768,13,10.32
2020-07-29,2768,13,326.0
2020-06-10,2768,13,105.56
2021-01-26,2768,13,78.9
2020-04-24,2768,13,17.86
2020-04-25,2768,13,269.2
2019-02-21,2768,13,152.9
2018-12-09,2768,13,31.84
2020-12-19,2768,13,7.99
2019-06-05,2768,13,6.14
2020-03-02,2768,13,37.97
2019-01-09,2768,13,20.17
2018-11-21,2768,13,193.1
2019-08-10,2768,13,21.98
2018-11-14,2768,13,10.77
2021-03-17,2768,13,48.56
2018-12-18,2768,13,22.5
2018-11-20,2768,13,22.7
2018-11-11,2768,13,150.5
2019-11-21,2768,13,132.9
2019-08-04,2768,13,132.1
2021-03-01,2768,13,27.98
2018-11-03,2768,13,4.02
2021-01-16,2768,13,168.0
2019-01-16,2768,13,12.99
2019-02-23,2768,13,85.7
2019-12-27,2768,13,42.0
2019-05-15,2768,13,113.0
2021-03-24,2768,13,110.4
2020-11-25,2768,13,21.48
2021-02-07,2768,13,64.75
2019-10-16,2768,13,15.99
2019-09-01,2768,13,2.97
2018-10-10,2768,13,129.0
2018-11-30,2768,13,124.3
2020-03-04,2768,13,51.56
2020-05-09,2768,13,3.87
2021-03-03,2768,13,30.19
2019-10-13,2768,13,15.5
2020-03-29,2768,13,10.65
2020-06-02,2768,13,88.2
2018-11-20,2768,13,16.98
2018-12-06,2768,13,231.4
2020-07-19,2768,13,99.06
2020-06-20,2768,13,235.4
2020-02-01,2768,13,5.16
2019-02-13,2768,13,11.49
2020-08-29,2768,13,57.88
2019-04-26,2768,13,2.97
2020-11-28,2768,13,27.98
2019-07-15,2768,13,185.0
2020-03-23,2768,13,241.4
2020-04-08,2768,13,37.0
2020-01-21,2768,13,110.5
2019-09-16,2768,13,9.9
2019-09-30,2768,13,23.98
2019-02-23,2768,13,14.99
2019-02-17,2768,13,212.2
2020-08-29,2768,13,76.7
2020-03-01,2768,13,70.94
2020-10-17,2768,13,2.18
2018-10-13,2768,13,328.2
2019-04-06,2768,13,12.4
2020-10-04,2768,13,23.98
2019-04-03,2768,13,105.44
2019-09-18,2768,13,136.0
2019-07-24,2768,13,5.36
2020-08-12,2768,13,184.8
2019-03-09,2768,13,215.0
2019-03-01,2768,13,141.2
2020-11-14,2768,13,7.99
2019-12-08,2768,13,85.75
2019-12-14,2768,13,37.97
2018-10-27,2768,13,16.98
2020-07-06,2768,13,21.78
2020-12-07,2768,13,13.99
2019-05-18,2768,13,19.44
2019-06-14,2768,13,21.98
2020-01-23,2768,13,151.5
2020-08-27,2768,13,10.99
2019-01-15,2768,13,11.49
2021-01-24,2768,13,3.87
2020-01-08,2768,13,14.99
2020-04-05,2768,13,32.22
2018-12-30,2768,13,16.98
2020-10-10,2768,13,52.66
2019-12-16,2768,13,14.99
2019-08-07,2768,13,166.6
2020-10-01,2768,13,49.97
2020-06-06,2768,13,33.62
2020-07-23,2768,13,51.47
2020-05-09,2768,13,287.0
2020-12-17,2768,13,157.1
2019-01-09,2768,13,13.4
2019-04-28,2768,13,32.75
2020-01-28,2768,13,14.99
2020-09-06,2768,13,172.4
2020-08-02,2768,13,275.2
2020-02-27,2768,13,26.97
2020-07-24,2768,13,208.2
2021-03-13,2768,13,59.75
2020-07-17,2768,13,89.5
2021-03-27,2768,13,7.99
2019-07-28,2768,13,3.76
2020-04-22,2768,13,14.99
2018-11-24,2768,13,32.22
2020-01-29,2768,13,222.1
2019-12-15,2768,13,23.98
2020-02-22,2768,13,38.1
2020-06-05,2768,13,-33.97
2020-01-22,2768,13,19.98
2018-12-19,2768,13,27.39
2020-10-01,2768,13,22.98
2019-03-03,2768,13,22.98
2018-10-19,2768,13,18.8
2019-03-10,2768,13,195.5
2021-01-03,2768,13,46.75
2019-06-19,2768,13,28.33
2021-01-14,2768,13,13.99
2020-09-17,2768,13,29.3
2019-03-18,2768,13,1.78
2020-04-11,2768,13,22.98
2019-03-17,2768,13,21.98
2021-01-15,2768,13,207.0
2018-12-30,2768,13,142.9
2021-02-09,2768,13,147.5
2020-05-21,2768,13,58.8
2019-08-31,2768,13,3.38
2019-03-28,2768,13,16.98
2020-03-01,2768,13,107.06
2019-05-09,2768,13,14.99
2020-11-21,2768,13,9.6
2019-02-02,2768,13,8.64
2019-05-07,2768,13,14.99
2018-11-27,2768,13,102.56
2019-03-24,2768,13,19.98
2019-03-25,2768,13,155.4
2019-11-26,2768,13,199.8
2021-02-26,2768,13,69.56
2020-02-24,2768,13,28.98
2019-02-16,2768,13,14.99
2018-11-11,2768,13,15.0
2019-12-20,2768,13,32.72
2020-09-07,2768,13,36.0
2020-12-01,2768,13,22.98
2021-03-14,2768,13,28.48
2018-10-20,2768,13,170.4
2019-06-01,2768,13,16.98
2019-08-04,2768,13,19.98
2020-09-05,2768,13,86.5
2020-07-03,2768,13,42.97
2019-05-25,2768,13,-42.0
2018-12-08,2768,13,11.44
2020-03-07,2768,13,222.4
2020-05-10,2768,13,33.94
2019-05-04,2768,13,22.98
2021-01-29,2768,13,26.31
2019-12-03,2768,13,22.98
2020-02-15,2768,13,5.16
2020-12-05,2768,13,220.0
2020-11-02,2768,13,9.6
2020-05-08,2768,13,38.0
2020-09-12,2768,13,19.98
2019-02-27,2768,13,138.4
2020-08-25,2768,13,24.98
2019-04-03,2768,13,33.2
2021-01-27,2768,13,45.97
2019-07-17,2768,13,127.75
2020-06-04,2768,13,149.1
2020-05-06,2768,13,26.94
2020-10-25,2768,13,10.81
2019-02-12,2768,13,41.97
2020-10-23,2768,13,106.75
2019-11-09,2768,13,54.97
2020-02-07,2768,13,12.49
2020-02-10,2768,13,4.76
2019-09-30,2768,13,13.3
2020-01-17,2768,13,83.94
2018-10-10,2768,13,24.48
2019-01-09,2768,13,24.48
2020-04-16,2768,13,8.18
2019-02-02,2768,13,15.96
2019-01-16,2768,13,29.67
2019-01-12,2768,13,379.2
2019-08-25,2768,13,26.27
2020-10-04,2768,13,221.9
2020-01-07,2768,13,34.97
2021-01-26,2768,13,21.11
2020-05-18,2768,13,18.27
2018-12-08,2768,13,264.8
2018-10-17,2768,13,225.4
2019-03-12,2768,13,242.5
2020-07-31,2768,13,30.98
2021-03-26,2768,13,21.16
2020-02-29,2768,13,7.63
2019-07-17,2768,13,3.56
2020-07-20,2768,13,5.34
2019-05-27,2768,13,36.1
2018-10-24,2768,13,28.44
2020-11-25,2768,13,9.79
2019-12-29,2768,13,4.77
2020-11-18,2768,13,30.23
2020-06-19,2768,13,1.78
2020-11-29,2768,13,117.75
2020-09-25,2768,13,42.06
2019-01-12,2768,13,0.0
2020-02-29,2768,13,194.2
2018-12-24,2768,13,3.71
2020-09-17,2768,13,22.66
2019-10-14,2768,13,16.98
2020-07-20,2768,13,22.98
2020-08-23,2768,13,56.3
2020-01-26,2768,13,60.5
2019-10-29,2768,13,29.98
2019-08-28,2768,13,1.98
2019-06-08,2768,13,170.1
2019-11-04,2768,13,201.8
2020-04-27,2768,13,59.88
2019-03-18,2768,13,5.98
2020-03-26,2768,13,16.98
2019-11-27,2768,13,62.8
2020-05-18,2768,13,119.7
2019-05-22,2768,13,42.22
2021-01-21,2768,13,8.49
2018-10-20,2768,13,7.77
2020-12-16,2768,13,8.49
2019-09-01,2768,13,47.0
2020-05-12,2768,13,2.87
2019-06-26,2768,13,225.1
2019-05-11,2768,13,8.79
2020-02-08,2768,13,50.75
2020-05-15,2768,13,0.89
2019-05-29,2768,13,61.06
2020-12-19,2768,13,53.7
2018-12-14,2768,13,22.4
2019-07-20,2768,13,206.9
2019-05-23,2768,13,14.99
2019-12-08,2768,13,34.0
2019-12-14,2768,13,216.9
2021-03-22,2768,13,84.0
2019-10-09,2768,13,16.98
2019-01-08,2768,13,7.21
2020-10-19,2768,13,7.92
2020-02-04,2768,13,3.48
2019-03-08,2768,13,24.58
2019-08-03,2768,13,17.69
2020-04-19,2768,13,26.23
2019-08-02,2768,13,28.52
2018-11-06,2768,13,22.98
2020-10-06,2768,13,13.08
2021-01-23,2768,13,47.88
2021-03-25,2768,13,11.61
2019-07-22,2768,13,34.8
2020-07-12,2768,13,19.34
2019-11-29,2768,13,15.99
2020-12-17,2768,13,22.81
2020-03-16,2768,13,99.5
2021-01-18,2768,13,43.34
2018-10-17,2768,13,6.03
2018-12-29,2768,13,267.2
2020-01-27,2768,13,15.99
2019-05-25,2768,13,51.97
